algoritmo,distribuicao,n,rep,bins,lower_bound,razao_vs_lb,tempo_us,soma_tamanhos
NF,falkenauer_u120,1000,0,364,0,0.000000,10.8,303.610000
FF,falkenauer_u120,1000,0,313,0,0.000000,293.9,303.610000
BF,falkenauer_u120,1000,0,314,0,0.000000,311.8,303.610000
FFD,falkenauer_u120,1000,0,308,0,0.000000,467.0,303.610000
BFD,falkenauer_u120,1000,0,308,0,0.000000,679.3,303.610000
NF,falkenauer_u120,1000,1,348,0,0.000000,8.7,292.510000
FF,falkenauer_u120,1000,1,303,0,0.000000,271.9,292.510000
BF,falkenauer_u120,1000,1,303,0,0.000000,301.5,292.510000
FFD,falkenauer_u120,1000,1,297,0,0.000000,480.1,292.510000
BFD,falkenauer_u120,1000,1,297,0,0.000000,564.5,292.510000
NF,falkenauer_u120,1000,2,349,0,0.000000,8.6,294.160000
FF,falkenauer_u120,1000,2,304,0,0.000000,255.0,294.160000
BF,falkenauer_u120,1000,2,303,0,0.000000,356.8,294.160000
FFD,falkenauer_u120,1000,2,299,0,0.000000,533.5,294.160000
BFD,falkenauer_u120,1000,2,299,0,0.000000,533.9,294.160000
NF,falkenauer_u120,1000,3,363,0,0.000000,8.1,304.250000
FF,falkenauer_u120,1000,3,315,0,0.000000,278.6,304.250000
BF,falkenauer_u120,1000,3,314,0,0.000000,330.2,304.250000
FFD,falkenauer_u120,1000,3,309,0,0.000000,1344.7,304.250000
BFD,falkenauer_u120,1000,3,309,0,0.000000,1580.0,304.250000
NF,falkenauer_u120,1000,4,360,0,0.000000,23.9,298.940000
FF,falkenauer_u120,1000,4,310,0,0.000000,713.5,298.940000
BF,falkenauer_u120,1000,4,309,0,0.000000,887.4,298.940000
FFD,falkenauer_u120,1000,4,304,0,0.000000,1332.9,298.940000
BFD,falkenauer_u120,1000,4,304,0,0.000000,1537.2,298.940000
NF,falkenauer_u120,1000,5,364,0,0.000000,24.2,301.710000
FF,falkenauer_u120,1000,5,313,0,0.000000,717.3,301.710000
BF,falkenauer_u120,1000,5,312,0,0.000000,900.8,301.710000
FFD,falkenauer_u120,1000,5,307,0,0.000000,1326.8,301.710000
BFD,falkenauer_u120,1000,5,307,0,0.000000,1623.0,301.710000
NF,falkenauer_u120,1000,6,359,0,0.000000,34.8,299.470000
FF,falkenauer_u120,1000,6,312,0,0.000000,758.0,299.470000
BF,falkenauer_u120,1000,6,310,0,0.000000,352.1,299.470000
FFD,falkenauer_u120,1000,6,304,0,0.000000,556.2,299.470000
BFD,falkenauer_u120,1000,6,304,0,0.000000,602.8,299.470000
NF,falkenauer_u120,1000,7,352,0,0.000000,9.7,295.110000
FF,falkenauer_u120,1000,7,305,0,0.000000,303.8,295.110000
BF,falkenauer_u120,1000,7,306,0,0.000000,362.4,295.110000
FFD,falkenauer_u120,1000,7,300,0,0.000000,592.6,295.110000
BFD,falkenauer_u120,1000,7,300,0,0.000000,601.4,295.110000
NF,falkenauer_u120,1000,8,359,0,0.000000,9.9,299.070000
FF,falkenauer_u120,1000,8,309,0,0.000000,282.1,299.070000
BF,falkenauer_u120,1000,8,308,0,0.000000,334.7,299.070000
FFD,falkenauer_u120,1000,8,304,0,0.000000,550.5,299.070000
BFD,falkenauer_u120,1000,8,304,0,0.000000,781.7,299.070000
NF,falkenauer_u120,1000,9,357,0,0.000000,15.7,298.970000
FF,falkenauer_u120,1000,9,310,0,0.000000,284.5,298.970000
BF,falkenauer_u120,1000,9,310,0,0.000000,383.0,298.970000
FFD,falkenauer_u120,1000,9,305,0,0.000000,760.0,298.970000
BFD,falkenauer_u120,1000,9,305,0,0.000000,608.4,298.970000
NF,falkenauer_u120,16000,0,5750,0,0.000000,174.6,4801.700000
FF,falkenauer_u120,16000,0,4955,0,0.000000,91738.7,4801.700000
BF,falkenauer_u120,16000,0,4947,0,0.000000,89979.7,4801.700000
FFD,falkenauer_u120,16000,0,4872,0,0.000000,120583.1,4801.700000
BFD,falkenauer_u120,16000,0,4872,0,0.000000,106378.7,4801.700000
NF,falkenauer_u120,16000,1,5757,0,0.000000,184.8,4812.110000
FF,falkenauer_u120,16000,1,4963,0,0.000000,99887.7,4812.110000
BF,falkenauer_u120,16000,1,4961,0,0.000000,59321.0,4812.110000
FFD,falkenauer_u120,16000,1,4881,0,0.000000,103698.4,4812.110000
BFD,falkenauer_u120,16000,1,4881,0,0.000000,140407.1,4812.110000
NF,falkenauer_u120,16000,2,5716,0,0.000000,225.5,4780.810000
FF,falkenauer_u120,16000,2,4933,0,0.000000,78243.0,4780.810000
BF,falkenauer_u120,16000,2,4931,0,0.000000,74164.6,4780.810000
FFD,falkenauer_u120,16000,2,4850,0,0.000000,72292.1,4780.810000
BFD,falkenauer_u120,16000,2,4850,0,0.000000,92516.9,4780.810000
NF,falkenauer_u120,16000,3,5751,0,0.000000,136.6,4801.140000
FF,falkenauer_u120,16000,3,4952,0,0.000000,79837.3,4801.140000
BF,falkenauer_u120,16000,3,4946,0,0.000000,91516.0,4801.140000
FFD,falkenauer_u120,16000,3,4870,0,0.000000,86247.9,4801.140000
BFD,falkenauer_u120,16000,3,4870,0,0.000000,91379.9,4801.140000
NF,falkenauer_u120,16000,4,5711,0,0.000000,150.1,4782.000000
FF,falkenauer_u120,16000,4,4933,0,0.000000,110419.2,4782.000000
BF,falkenauer_u120,16000,4,4933,0,0.000000,93049.3,4782.000000
FFD,falkenauer_u120,16000,4,4852,0,0.000000,103056.2,4782.000000
BFD,falkenauer_u120,16000,4,4852,0,0.000000,104713.1,4782.000000
NF,falkenauer_u120,16000,5,5777,0,0.000000,268.3,4816.620000
FF,falkenauer_u120,16000,5,4968,0,0.000000,63217.7,4816.620000
BF,falkenauer_u120,16000,5,4963,0,0.000000,110138.5,4816.620000
FFD,falkenauer_u120,16000,5,4886,0,0.000000,78983.8,4816.620000
BFD,falkenauer_u120,16000,5,4886,0,0.000000,86464.0,4816.620000
NF,falkenauer_u120,16000,6,5733,0,0.000000,157.5,4793.490000
FF,falkenauer_u120,16000,6,4945,0,0.000000,58367.2,4793.490000
BF,falkenauer_u120,16000,6,4939,0,0.000000,52592.0,4793.490000
FFD,falkenauer_u120,16000,6,4862,0,0.000000,90935.3,4793.490000
BFD,falkenauer_u120,16000,6,4862,0,0.000000,106717.8,4793.490000
NF,falkenauer_u120,16000,7,5780,0,0.000000,162.8,4811.780000
FF,falkenauer_u120,16000,7,4963,0,0.000000,113046.6,4811.780000
BF,falkenauer_u120,16000,7,4959,0,0.000000,83721.9,4811.780000
FFD,falkenauer_u120,16000,7,4882,0,0.000000,117757.2,4811.780000
BFD,falkenauer_u120,16000,7,4882,0,0.000000,83227.6,4811.780000
NF,falkenauer_u120,16000,8,5780,0,0.000000,147.3,4814.420000
FF,falkenauer_u120,16000,8,4966,0,0.000000,70234.1,4814.420000
BF,falkenauer_u120,16000,8,4965,0,0.000000,123999.3,4814.420000
FFD,falkenauer_u120,16000,8,4885,0,0.000000,108504.1,4814.420000
BFD,falkenauer_u120,16000,8,4885,0,0.000000,95965.1,4814.420000
NF,falkenauer_u120,16000,9,5785,0,0.000000,185.2,4817.850000
FF,falkenauer_u120,16000,9,4971,0,0.000000,81026.7,4817.850000
BF,falkenauer_u120,16000,9,4967,0,0.000000,61196.3,4817.850000
FFD,falkenauer_u120,16000,9,4889,0,0.000000,67898.4,4817.850000
BFD,falkenauer_u120,16000,9,4889,0,0.000000,85231.5,4817.850000
NF,falkenauer_u120,2000,0,730,0,0.000000,18.6,604.910000
FF,falkenauer_u120,2000,0,625,0,0.000000,898.7,604.910000
BF,falkenauer_u120,2000,0,626,0,0.000000,995.4,604.910000
FFD,falkenauer_u120,2000,0,614,0,0.000000,1404.4,604.910000
BFD,falkenauer_u120,2000,0,614,0,0.000000,1722.6,604.910000
NF,falkenauer_u120,2000,1,722,0,0.000000,16.7,603.690000
FF,falkenauer_u120,2000,1,622,0,0.000000,884.8,603.690000
BF,falkenauer_u120,2000,1,624,0,0.000000,1006.0,603.690000
FFD,falkenauer_u120,2000,1,612,0,0.000000,1416.0,603.690000
BFD,falkenauer_u120,2000,1,612,0,0.000000,1617.9,603.690000
NF,falkenauer_u120,2000,2,720,0,0.000000,24.1,596.990000
FF,falkenauer_u120,2000,2,617,0,0.000000,1319.8,596.990000
BF,falkenauer_u120,2000,2,616,0,0.000000,3267.1,596.990000
FFD,falkenauer_u120,2000,2,606,0,0.000000,1725.3,596.990000
BFD,falkenauer_u120,2000,2,606,0,0.000000,2006.0,596.990000
NF,falkenauer_u120,2000,3,719,0,0.000000,18.0,601.650000
FF,falkenauer_u120,2000,3,624,0,0.000000,946.6,601.650000
BF,falkenauer_u120,2000,3,623,0,0.000000,1020.2,601.650000
FFD,falkenauer_u120,2000,3,611,0,0.000000,1934.3,601.650000
BFD,falkenauer_u120,2000,3,611,0,0.000000,1795.3,601.650000
NF,falkenauer_u120,2000,4,717,0,0.000000,20.4,602.300000
FF,falkenauer_u120,2000,4,622,0,0.000000,921.5,602.300000
BF,falkenauer_u120,2000,4,621,0,0.000000,1073.6,602.300000
FFD,falkenauer_u120,2000,4,611,0,0.000000,1369.2,602.300000
BFD,falkenauer_u120,2000,4,611,0,0.000000,2080.0,602.300000
NF,falkenauer_u120,2000,5,712,0,0.000000,18.4,593.990000
FF,falkenauer_u120,2000,5,614,0,0.000000,951.0,593.990000
BF,falkenauer_u120,2000,5,613,0,0.000000,1016.3,593.990000
FFD,falkenauer_u120,2000,5,603,0,0.000000,1388.9,593.990000
BFD,falkenauer_u120,2000,5,603,0,0.000000,2175.7,593.990000
NF,falkenauer_u120,2000,6,707,0,0.000000,21.8,591.430000
FF,falkenauer_u120,2000,6,612,0,0.000000,879.4,591.430000
BF,falkenauer_u120,2000,6,612,0,0.000000,962.5,591.430000
FFD,falkenauer_u120,2000,6,600,0,0.000000,1430.7,591.430000
BFD,falkenauer_u120,2000,6,600,0,0.000000,1627.7,591.430000
NF,falkenauer_u120,2000,7,729,0,0.000000,19.3,605.510000
FF,falkenauer_u120,2000,7,626,0,0.000000,905.5,605.510000
BF,falkenauer_u120,2000,7,626,0,0.000000,3153.8,605.510000
FFD,falkenauer_u120,2000,7,615,0,0.000000,3955.4,605.510000
BFD,falkenauer_u120,2000,7,615,0,0.000000,1552.6,605.510000
NF,falkenauer_u120,2000,8,716,0,0.000000,20.0,601.130000
FF,falkenauer_u120,2000,8,621,0,0.000000,883.0,601.130000
BF,falkenauer_u120,2000,8,619,0,0.000000,975.1,601.130000
FFD,falkenauer_u120,2000,8,610,0,0.000000,1331.8,601.130000
BFD,falkenauer_u120,2000,8,610,0,0.000000,1588.6,601.130000
NF,falkenauer_u120,2000,9,705,0,0.000000,19.2,587.830000
FF,falkenauer_u120,2000,9,607,0,0.000000,875.5,587.830000
BF,falkenauer_u120,2000,9,607,0,0.000000,1022.7,587.830000
FFD,falkenauer_u120,2000,9,597,0,0.000000,1422.7,587.830000
BFD,falkenauer_u120,2000,9,597,0,0.000000,1654.4,587.830000
NF,falkenauer_u120,4000,0,1439,0,0.000000,42.2,1200.760000
FF,falkenauer_u120,4000,0,1239,0,0.000000,3618.6,1200.760000
BF,falkenauer_u120,4000,0,1238,0,0.000000,3725.4,1200.760000
FFD,falkenauer_u120,4000,0,1219,0,0.000000,11392.7,1200.760000
BFD,falkenauer_u120,4000,0,1219,0,0.000000,5814.2,1200.760000
NF,falkenauer_u120,4000,1,1437,0,0.000000,46.9,1200.500000
FF,falkenauer_u120,4000,1,1241,0,0.000000,4022.1,1200.500000
BF,falkenauer_u120,4000,1,1239,0,0.000000,3589.2,1200.500000
FFD,falkenauer_u120,4000,1,1219,0,0.000000,5002.1,1200.500000
BFD,falkenauer_u120,4000,1,1219,0,0.000000,5270.4,1200.500000
NF,falkenauer_u120,4000,2,1434,0,0.000000,40.9,1202.330000
FF,falkenauer_u120,4000,2,1243,0,0.000000,3460.6,1202.330000
BF,falkenauer_u120,4000,2,1240,0,0.000000,3788.8,1202.330000
FFD,falkenauer_u120,4000,2,1219,0,0.000000,5009.0,1202.330000
BFD,falkenauer_u120,4000,2,1219,0,0.000000,5999.8,1202.330000
NF,falkenauer_u120,4000,3,1424,0,0.000000,35.4,1191.060000
FF,falkenauer_u120,4000,3,1230,0,0.000000,3658.6,1191.060000
BF,falkenauer_u120,4000,3,1228,0,0.000000,3873.8,1191.060000
FFD,falkenauer_u120,4000,3,1208,0,0.000000,5076.3,1191.060000
BFD,falkenauer_u120,4000,3,1208,0,0.000000,6064.1,1191.060000
NF,falkenauer_u120,4000,4,1439,0,0.000000,32.4,1200.640000
FF,falkenauer_u120,4000,4,1239,0,0.000000,3350.5,1200.640000
BF,falkenauer_u120,4000,4,1240,0,0.000000,12058.5,1200.640000
FFD,falkenauer_u120,4000,4,1218,0,0.000000,6964.4,1200.640000
BFD,falkenauer_u120,4000,4,1218,0,0.000000,6123.3,1200.640000
NF,falkenauer_u120,4000,5,1439,0,0.000000,34.4,1202.590000
FF,falkenauer_u120,4000,5,1242,0,0.000000,3677.3,1202.590000
BF,falkenauer_u120,4000,5,1239,0,0.000000,3915.9,1202.590000
FFD,falkenauer_u120,4000,5,1221,0,0.000000,5054.1,1202.590000
BFD,falkenauer_u120,4000,5,1221,0,0.000000,5921.4,1202.590000
NF,falkenauer_u120,4000,6,1428,0,0.000000,46.5,1200.840000
FF,falkenauer_u120,4000,6,1240,0,0.000000,10220.8,1200.840000
BF,falkenauer_u120,4000,6,1239,0,0.000000,4297.6,1200.840000
FFD,falkenauer_u120,4000,6,1219,0,0.000000,6830.7,1200.840000
BFD,falkenauer_u120,4000,6,1219,0,0.000000,7134.4,1200.840000
NF,falkenauer_u120,4000,7,1427,0,0.000000,76.0,1186.920000
FF,falkenauer_u120,4000,7,1226,0,0.000000,4759.1,1186.920000
BF,falkenauer_u120,4000,7,1226,0,0.000000,4828.7,1186.920000
FFD,falkenauer_u120,4000,7,1205,0,0.000000,5724.6,1186.920000
BFD,falkenauer_u120,4000,7,1205,0,0.000000,7655.5,1186.920000
NF,falkenauer_u120,4000,8,1427,0,0.000000,56.9,1191.520000
FF,falkenauer_u120,4000,8,1229,0,0.000000,4753.1,1191.520000
BF,falkenauer_u120,4000,8,1228,0,0.000000,4296.4,1191.520000
FFD,falkenauer_u120,4000,8,1209,0,0.000000,16301.8,1191.520000
BFD,falkenauer_u120,4000,8,1209,0,0.000000,8148.1,1191.520000
NF,falkenauer_u120,4000,9,1458,0,0.000000,63.4,1217.700000
FF,falkenauer_u120,4000,9,1257,0,0.000000,5500.9,1217.700000
BF,falkenauer_u120,4000,9,1257,0,0.000000,5608.6,1217.700000
FFD,falkenauer_u120,4000,9,1237,0,0.000000,6045.7,1217.700000
BFD,falkenauer_u120,4000,9,1237,0,0.000000,6820.7,1217.700000
NF,falkenauer_u120,8000,0,2898,0,0.000000,91.5,2419.280000
FF,falkenauer_u120,8000,0,2498,0,0.000000,17182.0,2419.280000
BF,falkenauer_u120,8000,0,2494,0,0.000000,17517.5,2419.280000
FFD,falkenauer_u120,8000,0,2456,0,0.000000,20024.6,2419.280000
BFD,falkenauer_u120,8000,0,2456,0,0.000000,31223.2,2419.280000
NF,falkenauer_u120,8000,1,2857,0,0.000000,85.4,2392.750000
FF,falkenauer_u120,8000,1,2469,0,0.000000,16514.0,2392.750000
BF,falkenauer_u120,8000,1,2469,0,0.000000,26471.1,2392.750000
FFD,falkenauer_u120,8000,1,2428,0,0.000000,23680.1,2392.750000
BFD,falkenauer_u120,8000,1,2428,0,0.000000,25402.5,2392.750000
NF,falkenauer_u120,8000,2,2887,0,0.000000,85.3,2409.080000
FF,falkenauer_u120,8000,2,2486,0,0.000000,15720.0,2409.080000
BF,falkenauer_u120,8000,2,2481,0,0.000000,17848.5,2409.080000
FFD,falkenauer_u120,8000,2,2444,0,0.000000,21099.6,2409.080000
BFD,falkenauer_u120,8000,2,2444,0,0.000000,23662.7,2409.080000
NF,falkenauer_u120,8000,3,2863,0,0.000000,111.6,2388.480000
FF,falkenauer_u120,8000,3,2467,0,0.000000,14569.3,2388.480000
BF,falkenauer_u120,8000,3,2462,0,0.000000,16333.5,2388.480000
FFD,falkenauer_u120,8000,3,2422,0,0.000000,18954.5,2388.480000
BFD,falkenauer_u120,8000,3,2422,0,0.000000,22402.6,2388.480000
NF,falkenauer_u120,8000,4,2867,0,0.000000,72.8,2395.400000
FF,falkenauer_u120,8000,4,2470,0,0.000000,14234.7,2395.400000
BF,falkenauer_u120,8000,4,2469,0,0.000000,13777.2,2395.400000
FFD,falkenauer_u120,8000,4,2429,0,0.000000,26086.6,2395.400000
BFD,falkenauer_u120,8000,4,2429,0,0.000000,28384.0,2395.400000
NF,falkenauer_u120,8000,5,2869,0,0.000000,92.9,2389.230000
FF,falkenauer_u120,8000,5,2471,0,0.000000,14962.0,2389.230000
BF,falkenauer_u120,8000,5,2465,0,0.000000,15610.0,2389.230000
FFD,falkenauer_u120,8000,5,2425,0,0.000000,31575.7,2389.230000
BFD,falkenauer_u120,8000,5,2425,0,0.000000,22205.0,2389.230000
NF,falkenauer_u120,8000,6,2862,0,0.000000,86.2,2391.450000
FF,falkenauer_u120,8000,6,2464,0,0.000000,14722.2,2391.450000
BF,falkenauer_u120,8000,6,2465,0,0.000000,15250.6,2391.450000
FFD,falkenauer_u120,8000,6,2425,0,0.000000,18346.4,2391.450000
BFD,falkenauer_u120,8000,6,2425,0,0.000000,19778.6,2391.450000
NF,falkenauer_u120,8000,7,2861,0,0.000000,86.8,2388.100000
FF,falkenauer_u120,8000,7,2462,0,0.000000,31410.4,2388.100000
BF,falkenauer_u120,8000,7,2458,0,0.000000,17481.5,2388.100000
FFD,falkenauer_u120,8000,7,2423,0,0.000000,37333.5,2388.100000
BFD,falkenauer_u120,8000,7,2423,0,0.000000,26055.5,2388.100000
NF,falkenauer_u120,8000,8,2884,0,0.000000,85.6,2408.410000
FF,falkenauer_u120,8000,8,2482,0,0.000000,19479.7,2408.410000
BF,falkenauer_u120,8000,8,2480,0,0.000000,26195.2,2408.410000
FFD,falkenauer_u120,8000,8,2444,0,0.000000,31470.8,2408.410000
BFD,falkenauer_u120,8000,8,2444,0,0.000000,30405.3,2408.410000
NF,falkenauer_u120,8000,9,2857,0,0.000000,109.6,2385.660000
FF,falkenauer_u120,8000,9,2463,0,0.000000,20382.5,2385.660000
BF,falkenauer_u120,8000,9,2461,0,0.000000,20328.1,2385.660000
FFD,falkenauer_u120,8000,9,2421,0,0.000000,23478.2,2385.660000
BFD,falkenauer_u120,8000,9,2421,0,0.000000,24152.6,2385.660000
NF,tres_particao,1000,0,467,0,0.000000,8.8,381.690000
FF,tres_particao,1000,0,432,0,0.000000,405.8,381.690000
BF,tres_particao,1000,0,432,0,0.000000,419.1,381.690000
FFD,tres_particao,1000,0,422,0,0.000000,599.5,381.690000
BFD,tres_particao,1000,0,422,0,0.000000,611.6,381.690000
NF,tres_particao,1000,1,465,0,0.000000,5.9,377.610000
FF,tres_particao,1000,1,428,0,0.000000,385.0,377.610000
BF,tres_particao,1000,1,428,0,0.000000,417.7,377.610000
FFD,tres_particao,1000,1,417,0,0.000000,599.2,377.610000
BFD,tres_particao,1000,1,417,0,0.000000,736.5,377.610000
NF,tres_particao,1000,2,473,0,0.000000,6.0,380.220000
FF,tres_particao,1000,2,433,0,0.000000,616.7,380.220000
BF,tres_particao,1000,2,433,0,0.000000,1056.4,380.220000
FFD,tres_particao,1000,2,423,0,0.000000,1844.9,380.220000
BFD,tres_particao,1000,2,423,0,0.000000,1668.1,380.220000
NF,tres_particao,1000,3,475,0,0.000000,12.9,383.400000
FF,tres_particao,1000,3,439,0,0.000000,1305.6,383.400000
BF,tres_particao,1000,3,436,0,0.000000,749.6,383.400000
FFD,tres_particao,1000,3,426,0,0.000000,647.5,383.400000
BFD,tres_particao,1000,3,426,0,0.000000,723.9,383.400000
NF,tres_particao,1000,4,473,0,0.000000,7.5,382.320000
FF,tres_particao,1000,4,434,0,0.000000,498.5,382.320000
BF,tres_particao,1000,4,434,0,0.000000,533.5,382.320000
FFD,tres_particao,1000,4,422,0,0.000000,749.9,382.320000
BFD,tres_particao,1000,4,422,0,0.000000,785.3,382.320000
NF,tres_particao,1000,5,465,0,0.000000,6.7,379.350000
FF,tres_particao,1000,5,429,0,0.000000,864.3,379.350000
BF,tres_particao,1000,5,430,0,0.000000,1109.4,379.350000
FFD,tres_particao,1000,5,420,0,0.000000,2182.0,379.350000
BFD,tres_particao,1000,5,420,0,0.000000,2180.0,379.350000
NF,tres_particao,1000,6,469,0,0.000000,16.3,380.290000
FF,tres_particao,1000,6,432,0,0.000000,1078.9,380.290000
BF,tres_particao,1000,6,432,0,0.000000,552.6,380.290000
FFD,tres_particao,1000,6,422,0,0.000000,674.8,380.290000
BFD,tres_particao,1000,6,422,0,0.000000,682.1,380.290000
NF,tres_particao,1000,7,469,0,0.000000,8.0,379.670000
FF,tres_particao,1000,7,428,0,0.000000,495.7,379.670000
BF,tres_particao,1000,7,429,0,0.000000,525.8,379.670000
FFD,tres_particao,1000,7,418,0,0.000000,647.2,379.670000
BFD,tres_particao,1000,7,418,0,0.000000,674.8,379.670000
NF,tres_particao,1000,8,470,0,0.000000,6.0,379.900000
FF,tres_particao,1000,8,427,0,0.000000,453.0,379.900000
BF,tres_particao,1000,8,427,0,0.000000,612.2,379.900000
FFD,tres_particao,1000,8,420,0,0.000000,942.3,379.900000
BFD,tres_particao,1000,8,420,0,0.000000,751.7,379.900000
NF,tres_particao,1000,9,472,0,0.000000,6.5,380.290000
FF,tres_particao,1000,9,432,0,0.000000,471.7,380.290000
BF,tres_particao,1000,9,429,0,0.000000,514.5,380.290000
FFD,tres_particao,1000,9,421,0,0.000000,722.3,380.290000
BFD,tres_particao,1000,9,421,0,0.000000,778.0,380.290000
NF,tres_particao,16000,0,7510,0,0.000000,91.1,6082.360000
FF,tres_particao,16000,0,6885,0,0.000000,125355.1,6082.360000
BF,tres_particao,16000,0,6885,0,0.000000,139563.1,6082.360000
FFD,tres_particao,16000,0,6724,0,0.000000,208463.3,6082.360000
BFD,tres_particao,16000,0,6724,0,0.000000,273392.8,6082.360000
NF,tres_particao,16000,1,7500,0,0.000000,201.6,6073.560000
FF,tres_particao,16000,1,6866,0,0.000000,246038.5,6073.560000
BF,tres_particao,16000,1,6868,0,0.000000,222094.3,6073.560000
FFD,tres_particao,16000,1,6713,0,0.000000,146361.4,6073.560000
BFD,tres_particao,16000,1,6713,0,0.000000,120037.9,6073.560000
NF,tres_particao,16000,2,7508,0,0.000000,127.2,6067.520000
FF,tres_particao,16000,2,6858,0,0.000000,92734.6,6067.520000
BF,tres_particao,16000,2,6859,0,0.000000,85055.7,6067.520000
FFD,tres_particao,16000,2,6709,0,0.000000,86527.2,6067.520000
BFD,tres_particao,16000,2,6709,0,0.000000,83638.4,6067.520000
NF,tres_particao,16000,3,7517,0,0.000000,57.9,6089.370000
FF,tres_particao,16000,3,6891,0,0.000000,97770.8,6089.370000
BF,tres_particao,16000,3,6892,0,0.000000,129850.6,6089.370000
FFD,tres_particao,16000,3,6727,0,0.000000,135477.2,6089.370000
BFD,tres_particao,16000,3,6727,0,0.000000,117842.5,6089.370000
NF,tres_particao,16000,4,7501,0,0.000000,103.3,6072.480000
FF,tres_particao,16000,4,6865,0,0.000000,103808.0,6072.480000
BF,tres_particao,16000,4,6865,0,0.000000,282877.5,6072.480000
FFD,tres_particao,16000,4,6717,0,0.000000,102473.9,6072.480000
BFD,tres_particao,16000,4,6717,0,0.000000,104030.0,6072.480000
NF,tres_particao,16000,5,7519,0,0.000000,87.7,6094.460000
FF,tres_particao,16000,5,6894,0,0.000000,100671.2,6094.460000
BF,tres_particao,16000,5,6891,0,0.000000,133027.7,6094.460000
FFD,tres_particao,16000,5,6734,0,0.000000,154115.1,6094.460000
BFD,tres_particao,16000,5,6734,0,0.000000,121146.0,6094.460000
NF,tres_particao,16000,6,7498,0,0.000000,94.2,6074.600000
FF,tres_particao,16000,6,6875,0,0.000000,96841.5,6074.600000
BF,tres_particao,16000,6,6877,0,0.000000,85791.8,6074.600000
FFD,tres_particao,16000,6,6718,0,0.000000,97802.1,6074.600000
BFD,tres_particao,16000,6,6718,0,0.000000,134373.1,6074.600000
NF,tres_particao,16000,7,7523,0,0.000000,88.4,6084.310000
FF,tres_particao,16000,7,6889,0,0.000000,81861.1,6084.310000
BF,tres_particao,16000,7,6886,0,0.000000,103198.3,6084.310000
FFD,tres_particao,16000,7,6720,0,0.000000,127065.1,6084.310000
BFD,tres_particao,16000,7,6720,0,0.000000,131076.3,6084.310000
NF,tres_particao,16000,8,7545,0,0.000000,85.0,6102.550000
FF,tres_particao,16000,8,6907,0,0.000000,103317.7,6102.550000
BF,tres_particao,16000,8,6905,0,0.000000,88524.4,6102.550000
FFD,tres_particao,16000,8,6757,0,0.000000,141478.7,6102.550000
BFD,tres_particao,16000,8,6757,0,0.000000,260428.9,6102.550000
NF,tres_particao,16000,9,7521,0,0.000000,73.8,6086.670000
FF,tres_particao,16000,9,6882,0,0.000000,95785.5,6086.670000
BF,tres_particao,16000,9,6880,0,0.000000,86058.6,6086.670000
FFD,tres_particao,16000,9,6732,0,0.000000,95860.3,6086.670000
BFD,tres_particao,16000,9,6732,0,0.000000,85096.9,6086.670000
NF,tres_particao,2000,0,942,0,0.000000,7.9,762.760000
FF,tres_particao,2000,0,864,0,0.000000,1043.5,762.760000
BF,tres_particao,2000,0,864,0,0.000000,1080.2,762.760000
FFD,tres_particao,2000,0,844,0,0.000000,1426.6,762.760000
BFD,tres_particao,2000,0,844,0,0.000000,1663.0,762.760000
NF,tres_particao,2000,1,938,0,0.000000,9.7,758.300000
FF,tres_particao,2000,1,861,0,0.000000,1146.8,758.300000
BF,tres_particao,2000,1,860,0,0.000000,1155.1,758.300000
FFD,tres_particao,2000,1,841,0,0.000000,1542.2,758.300000
BFD,tres_particao,2000,1,841,0,0.000000,1514.8,758.300000
NF,tres_particao,2000,2,938,0,0.000000,7.6,760.110000
FF,tres_particao,2000,2,861,0,0.000000,1194.0,760.110000
BF,tres_particao,2000,2,862,0,0.000000,1127.1,760.110000
FFD,tres_particao,2000,2,840,0,0.000000,1404.2,760.110000
BFD,tres_particao,2000,2,840,0,0.000000,1522.9,760.110000
NF,tres_particao,2000,3,949,0,0.000000,8.2,761.620000
FF,tres_particao,2000,3,865,0,0.000000,1096.5,761.620000
BF,tres_particao,2000,3,864,0,0.000000,1074.7,761.620000
FFD,tres_particao,2000,3,840,0,0.000000,1405.5,761.620000
BFD,tres_particao,2000,3,840,0,0.000000,1504.3,761.620000
NF,tres_particao,2000,4,943,0,0.000000,7.1,765.220000
FF,tres_particao,2000,4,868,0,0.000000,1357.5,765.220000
BF,tres_particao,2000,4,867,0,0.000000,1120.5,765.220000
FFD,tres_particao,2000,4,845,0,0.000000,1791.4,765.220000
BFD,tres_particao,2000,4,845,0,0.000000,1674.7,765.220000
NF,tres_particao,2000,5,945,0,0.000000,7.2,762.420000
FF,tres_particao,2000,5,862,0,0.000000,1250.8,762.420000
BF,tres_particao,2000,5,858,0,0.000000,1129.5,762.420000
FFD,tres_particao,2000,5,842,0,0.000000,1402.4,762.420000
BFD,tres_particao,2000,5,842,0,0.000000,1475.8,762.420000
NF,tres_particao,2000,6,938,0,0.000000,7.7,752.940000
FF,tres_particao,2000,6,854,0,0.000000,1006.5,752.940000
BF,tres_particao,2000,6,854,0,0.000000,1122.7,752.940000
FFD,tres_particao,2000,6,834,0,0.000000,1380.2,752.940000
BFD,tres_particao,2000,6,834,0,0.000000,1816.1,752.940000
NF,tres_particao,2000,7,946,0,0.000000,6.6,767.520000
FF,tres_particao,2000,7,869,0,0.000000,1055.0,767.520000
BF,tres_particao,2000,7,869,0,0.000000,1083.7,767.520000
FFD,tres_particao,2000,7,845,0,0.000000,1729.4,767.520000
BFD,tres_particao,2000,7,845,0,0.000000,1553.4,767.520000
NF,tres_particao,2000,8,938,0,0.000000,7.7,758.990000
FF,tres_particao,2000,8,861,0,0.000000,1071.9,758.990000
BF,tres_particao,2000,8,860,0,0.000000,1127.5,758.990000
FFD,tres_particao,2000,8,838,0,0.000000,1572.1,758.990000
BFD,tres_particao,2000,8,838,0,0.000000,1713.1,758.990000
NF,tres_particao,2000,9,933,0,0.000000,8.5,752.720000
FF,tres_particao,2000,9,853,0,0.000000,1081.8,752.720000
BF,tres_particao,2000,9,853,0,0.000000,1237.9,752.720000
FFD,tres_particao,2000,9,835,0,0.000000,1846.9,752.720000
BFD,tres_particao,2000,9,835,0,0.000000,1488.0,752.720000
NF,tres_particao,4000,0,1884,0,0.000000,14.1,1524.010000
FF,tres_particao,4000,0,1726,0,0.000000,4199.5,1524.010000
BF,tres_particao,4000,0,1728,0,0.000000,5823.8,1524.010000
FFD,tres_particao,4000,0,1689,0,0.000000,4942.0,1524.010000
BFD,tres_particao,4000,0,1689,0,0.000000,5845.2,1524.010000
NF,tres_particao,4000,1,1878,0,0.000000,15.5,1520.880000
FF,tres_particao,4000,1,1722,0,0.000000,4433.4,1520.880000
BF,tres_particao,4000,1,1723,0,0.000000,5227.7,1520.880000
FFD,tres_particao,4000,1,1682,0,0.000000,7528.8,1520.880000
BFD,tres_particao,4000,1,1682,0,0.000000,18027.5,1520.880000
NF,tres_particao,4000,2,1877,0,0.000000,22.3,1515.460000
FF,tres_particao,4000,2,1716,0,0.000000,15370.5,1515.460000
BF,tres_particao,4000,2,1715,0,0.000000,15443.4,1515.460000
FFD,tres_particao,4000,2,1671,0,0.000000,9408.8,1515.460000
BFD,tres_particao,4000,2,1671,0,0.000000,18547.8,1515.460000
NF,tres_particao,4000,3,1878,0,0.000000,22.1,1522.770000
FF,tres_particao,4000,3,1724,0,0.000000,8125.2,1522.770000
BF,tres_particao,4000,3,1724,0,0.000000,15930.5,1522.770000
FFD,tres_particao,4000,3,1685,0,0.000000,9526.9,1522.770000
BFD,tres_particao,4000,3,1685,0,0.000000,17590.9,1522.770000
NF,tres_particao,4000,4,1878,0,0.000000,22.8,1521.500000
FF,tres_particao,4000,4,1723,0,0.000000,7813.4,1521.500000
BF,tres_particao,4000,4,1722,0,0.000000,15774.0,1521.500000
FFD,tres_particao,4000,4,1684,0,0.000000,9649.5,1521.500000
BFD,tres_particao,4000,4,1684,0,0.000000,17898.5,1521.500000
NF,tres_particao,4000,5,1871,0,0.000000,22.5,1516.100000
FF,tres_particao,4000,5,1714,0,0.000000,7826.5,1516.100000
BF,tres_particao,4000,5,1716,0,0.000000,15276.8,1516.100000
FFD,tres_particao,4000,5,1677,0,0.000000,9378.4,1516.100000
BFD,tres_particao,4000,5,1677,0,0.000000,18098.1,1516.100000
NF,tres_particao,4000,6,1873,0,0.000000,23.0,1513.870000
FF,tres_particao,4000,6,1716,0,0.000000,7720.8,1513.870000
BF,tres_particao,4000,6,1713,0,0.000000,5422.7,1513.870000
FFD,tres_particao,4000,6,1671,0,0.000000,12370.2,1513.870000
BFD,tres_particao,4000,6,1671,0,0.000000,5547.6,1513.870000
NF,tres_particao,4000,7,1878,0,0.000000,22.0,1516.040000
FF,tres_particao,4000,7,1719,0,0.000000,4595.9,1516.040000
BF,tres_particao,4000,7,1716,0,0.000000,5189.5,1516.040000
FFD,tres_particao,4000,7,1676,0,0.000000,12796.0,1516.040000
BFD,tres_particao,4000,7,1676,0,0.000000,17702.2,1516.040000
NF,tres_particao,4000,8,1873,0,0.000000,23.3,1518.680000
FF,tres_particao,4000,8,1723,0,0.000000,10836.2,1518.680000
BF,tres_particao,4000,8,1723,0,0.000000,5170.3,1518.680000
FFD,tres_particao,4000,8,1683,0,0.000000,14975.6,1518.680000
BFD,tres_particao,4000,8,1683,0,0.000000,6196.8,1518.680000
NF,tres_particao,4000,9,1886,0,0.000000,16.2,1531.350000
FF,tres_particao,4000,9,1738,0,0.000000,5283.3,1531.350000
BF,tres_particao,4000,9,1736,0,0.000000,4900.7,1531.350000
FFD,tres_particao,4000,9,1690,0,0.000000,6089.9,1531.350000
BFD,tres_particao,4000,9,1690,0,0.000000,7328.7,1531.350000
NF,tres_particao,8000,0,3771,0,0.000000,32.5,3059.710000
FF,tres_particao,8000,0,3462,0,0.000000,20516.6,3059.710000
BF,tres_particao,8000,0,3463,0,0.000000,18406.3,3059.710000
FFD,tres_particao,8000,0,3383,0,0.000000,21969.8,3059.710000
BFD,tres_particao,8000,0,3383,0,0.000000,20496.4,3059.710000
NF,tres_particao,8000,1,3752,0,0.000000,44.1,3033.910000
FF,tres_particao,8000,1,3433,0,0.000000,28268.7,3033.910000
BF,tres_particao,8000,1,3435,0,0.000000,29283.7,3033.910000
FFD,tres_particao,8000,1,3360,0,0.000000,31989.5,3033.910000
BFD,tres_particao,8000,1,3360,0,0.000000,34924.0,3033.910000
NF,tres_particao,8000,2,3759,0,0.000000,42.9,3040.900000
FF,tres_particao,8000,2,3441,0,0.000000,33530.6,3040.900000
BF,tres_particao,8000,2,3444,0,0.000000,40101.8,3040.900000
FFD,tres_particao,8000,2,3359,0,0.000000,31787.9,3040.900000
BFD,tres_particao,8000,2,3359,0,0.000000,30457.7,3040.900000
NF,tres_particao,8000,3,3738,0,0.000000,52.9,3032.630000
FF,tres_particao,8000,3,3434,0,0.000000,23627.5,3032.630000
BF,tres_particao,8000,3,3435,0,0.000000,23540.1,3032.630000
FFD,tres_particao,8000,3,3358,0,0.000000,27214.8,3032.630000
BFD,tres_particao,8000,3,3358,0,0.000000,26193.3,3032.630000
NF,tres_particao,8000,4,3758,0,0.000000,50.5,3041.290000
FF,tres_particao,8000,4,3444,0,0.000000,21076.8,3041.290000
BF,tres_particao,8000,4,3442,0,0.000000,53516.8,3041.290000
FFD,tres_particao,8000,4,3352,0,0.000000,41710.7,3041.290000
BFD,tres_particao,8000,4,3352,0,0.000000,42022.7,3041.290000
NF,tres_particao,8000,5,3748,0,0.000000,75.5,3034.950000
FF,tres_particao,8000,5,3449,0,0.000000,28556.8,3034.950000
BF,tres_particao,8000,5,3444,0,0.000000,24754.5,3034.950000
FFD,tres_particao,8000,5,3360,0,0.000000,28307.6,3034.950000
BFD,tres_particao,8000,5,3360,0,0.000000,26604.2,3034.950000
NF,tres_particao,8000,6,3767,0,0.000000,35.7,3041.040000
FF,tres_particao,8000,6,3433,0,0.000000,21804.2,3041.040000
BF,tres_particao,8000,6,3436,0,0.000000,21862.7,3041.040000
FFD,tres_particao,8000,6,3352,0,0.000000,23323.2,3041.040000
BFD,tres_particao,8000,6,3352,0,0.000000,28055.5,3041.040000
NF,tres_particao,8000,7,3761,0,0.000000,75.5,3035.910000
FF,tres_particao,8000,7,3438,0,0.000000,29465.3,3035.910000
BF,tres_particao,8000,7,3434,0,0.000000,20149.9,3035.910000
FFD,tres_particao,8000,7,3354,0,0.000000,21048.8,3035.910000
BFD,tres_particao,8000,7,3354,0,0.000000,32695.6,3035.910000
NF,tres_particao,8000,8,3771,0,0.000000,40.5,3042.120000
FF,tres_particao,8000,8,3449,0,0.000000,26764.8,3042.120000
BF,tres_particao,8000,8,3446,0,0.000000,22498.6,3042.120000
FFD,tres_particao,8000,8,3362,0,0.000000,37199.0,3042.120000
BFD,tres_particao,8000,8,3362,0,0.000000,29473.4,3042.120000
NF,tres_particao,8000,9,3750,0,0.000000,50.1,3032.180000
FF,tres_particao,8000,9,3426,0,0.000000,37039.6,3032.180000
BF,tres_particao,8000,9,3430,0,0.000000,37632.3,3032.180000
FFD,tres_particao,8000,9,3350,0,0.000000,33901.4,3032.180000
BFD,tres_particao,8000,9,3350,0,0.000000,53395.5,3032.180000
NF,uniforme_continua,1000,0,688,0,0.000000,27.6,515.103941
FF,uniforme_continua,1000,0,552,0,0.000000,604.5,515.103941
BF,uniforme_continua,1000,0,544,0,0.000000,1485.7,515.103941
FFD,uniforme_continua,1000,0,535,0,0.000000,1090.9,515.103941
BFD,uniforme_continua,1000,0,535,0,0.000000,1879.3,515.103941
NF,uniforme_continua,1000,1,653,0,0.000000,34.4,493.897942
FF,uniforme_continua,1000,1,522,0,0.000000,631.8,493.897942
BF,uniforme_continua,1000,1,516,0,0.000000,1299.3,493.897942
FFD,uniforme_continua,1000,1,498,0,0.000000,939.8,493.897942
BFD,uniforme_continua,1000,1,498,0,0.000000,1592.8,493.897942
NF,uniforme_continua,1000,2,657,0,0.000000,26.9,497.035620
FF,uniforme_continua,1000,2,527,0,0.000000,600.5,497.035620
BF,uniforme_continua,1000,2,517,0,0.000000,1195.3,497.035620
FFD,uniforme_continua,1000,2,508,0,0.000000,924.3,497.035620
BFD,uniforme_continua,1000,2,508,0,0.000000,1935.7,497.035620
NF,uniforme_continua,1000,3,678,0,0.000000,20.5,506.073215
FF,uniforme_continua,1000,3,533,0,0.000000,576.1,506.073215
BF,uniforme_continua,1000,3,528,0,0.000000,1375.4,506.073215
FFD,uniforme_continua,1000,3,514,0,0.000000,961.9,506.073215
BFD,uniforme_continua,1000,3,514,0,0.000000,1571.9,506.073215
NF,uniforme_continua,1000,4,671,0,0.000000,21.8,500.320134
FF,uniforme_continua,1000,4,530,0,0.000000,603.8,500.320134
BF,uniforme_continua,1000,4,522,0,0.000000,1266.8,500.320134
FFD,uniforme_continua,1000,4,513,0,0.000000,930.1,500.320134
BFD,uniforme_continua,1000,4,513,0,0.000000,2023.2,500.320134
NF,uniforme_continua,1000,5,668,0,0.000000,23.1,500.578076
FF,uniforme_continua,1000,5,528,0,0.000000,779.8,500.578076
BF,uniforme_continua,1000,5,520,0,0.000000,1268.6,500.578076
FFD,uniforme_continua,1000,5,508,0,0.000000,981.2,500.578076
BFD,uniforme_continua,1000,5,508,0,0.000000,2059.9,500.578076
NF,uniforme_continua,1000,6,645,0,0.000000,24.8,486.302248
FF,uniforme_continua,1000,6,510,0,0.000000,645.0,486.302248
BF,uniforme_continua,1000,6,505,0,0.000000,1346.1,486.302248
FFD,uniforme_continua,1000,6,492,0,0.000000,989.6,486.302248
BFD,uniforme_continua,1000,6,492,0,0.000000,2342.9,486.302248
NF,uniforme_continua,1000,7,654,0,0.000000,27.0,488.408595
FF,uniforme_continua,1000,7,517,0,0.000000,759.5,488.408595
BF,uniforme_continua,1000,7,510,0,0.000000,1742.1,488.408595
FFD,uniforme_continua,1000,7,493,0,0.000000,1156.0,488.408595
BFD,uniforme_continua,1000,7,493,0,0.000000,2199.2,488.408595
NF,uniforme_continua,1000,8,660,0,0.000000,29.1,490.065461
FF,uniforme_continua,1000,8,522,0,0.000000,883.6,490.065461
BF,uniforme_continua,1000,8,517,0,0.000000,1806.6,490.065461
FFD,uniforme_continua,1000,8,494,0,0.000000,1399.0,490.065461
BFD,uniforme_continua,1000,8,494,0,0.000000,2415.7,490.065461
NF,uniforme_continua,1000,9,668,0,0.000000,24.2,501.090654
FF,uniforme_continua,1000,9,527,0,0.000000,923.2,501.090654
BF,uniforme_continua,1000,9,519,0,0.000000,1695.1,501.090654
FFD,uniforme_continua,1000,9,508,0,0.000000,1312.5,501.090654
BFD,uniforme_continua,1000,9,508,0,0.000000,2357.9,501.090654
NF,uniforme_continua,16000,0,10638,0,0.000000,392.3,7964.912547
FF,uniforme_continua,16000,0,8154,0,0.000000,123608.1,7964.912547
BF,uniforme_continua,16000,0,8070,0,0.000000,150410.8,7964.912547
FFD,uniforme_continua,16000,0,8000,0,0.000000,166354.7,7964.912547
BFD,uniforme_continua,16000,0,8000,0,0.000000,423969.0,7964.912547
NF,uniforme_continua,16000,1,10647,0,0.000000,694.4,8006.093633
FF,uniforme_continua,16000,1,8208,0,0.000000,291927.6,8006.093633
BF,uniforme_continua,16000,1,8114,0,0.000000,414754.5,8006.093633
FFD,uniforme_continua,16000,1,8040,0,0.000000,223515.5,8006.093633
BFD,uniforme_continua,16000,1,8040,0,0.000000,233520.1,8006.093633
NF,uniforme_continua,16000,2,10596,0,0.000000,246.4,7957.463777
FF,uniforme_continua,16000,2,8173,0,0.000000,132897.5,7957.463777
BF,uniforme_continua,16000,2,8109,0,0.000000,130275.1,7957.463777
FFD,uniforme_continua,16000,2,7992,0,0.000000,81360.1,7957.463777
BFD,uniforme_continua,16000,2,7992,0,0.000000,201218.7,7957.463777
NF,uniforme_continua,16000,3,10681,0,0.000000,193.2,7992.020135
FF,uniforme_continua,16000,3,8190,0,0.000000,93325.2,7992.020135
BF,uniforme_continua,16000,3,8100,0,0.000000,119850.6,7992.020135
FFD,uniforme_continua,16000,3,8027,0,0.000000,86207.5,7992.020135
BFD,uniforme_continua,16000,3,8027,0,0.000000,318345.1,7992.020135
NF,uniforme_continua,16000,4,10618,0,0.000000,277.7,7979.708498
FF,uniforme_continua,16000,4,8170,0,0.000000,108945.1,7979.708498
BF,uniforme_continua,16000,4,8085,0,0.000000,180504.2,7979.708498
FFD,uniforme_continua,16000,4,8000,0,0.000000,180970.2,7979.708498
BFD,uniforme_continua,16000,4,8000,0,0.000000,363287.4,7979.708498
NF,uniforme_continua,16000,5,10615,0,0.000000,350.1,7984.114730
FF,uniforme_continua,16000,5,8176,0,0.000000,178185.8,7984.114730
BF,uniforme_continua,16000,5,8098,0,0.000000,330475.4,7984.114730
FFD,uniforme_continua,16000,5,8000,0,0.000000,186847.7,7984.114730
BFD,uniforme_continua,16000,5,8000,0,0.000000,250031.9,7984.114730
NF,uniforme_continua,16000,6,10723,0,0.000000,236.5,8037.263789
FF,uniforme_continua,16000,6,8247,0,0.000000,91510.4,8037.263789
BF,uniforme_continua,16000,6,8162,0,0.000000,116247.1,8037.263789
FFD,uniforme_continua,16000,6,8093,0,0.000000,81842.3,8037.263789
BFD,uniforme_continua,16000,6,8093,0,0.000000,134762.9,8037.263789
NF,uniforme_continua,16000,7,10764,0,0.000000,164.1,8058.244460
FF,uniforme_continua,16000,7,8276,0,0.000000,63564.0,8058.244460
BF,uniforme_continua,16000,7,8186,0,0.000000,354425.5,8058.244460
FFD,uniforme_continua,16000,7,8122,0,0.000000,219391.7,8058.244460
BFD,uniforme_continua,16000,7,8122,0,0.000000,924487.8,8058.244460
NF,uniforme_continua,16000,8,10782,0,0.000000,287.1,8092.614004
FF,uniforme_continua,16000,8,8328,0,0.000000,111642.7,8092.614004
BF,uniforme_continua,16000,8,8259,0,0.000000,157112.5,8092.614004
FFD,uniforme_continua,16000,8,8181,0,0.000000,141591.4,8092.614004
BFD,uniforme_continua,16000,8,8181,0,0.000000,187706.6,8092.614004
NF,uniforme_continua,16000,9,10707,0,0.000000,228.0,8002.988470
FF,uniforme_continua,16000,9,8199,0,0.000000,171791.4,8002.988470
BF,uniforme_continua,16000,9,8118,0,0.000000,211753.4,8002.988470
FFD,uniforme_continua,16000,9,8032,0,0.000000,93658.4,8002.988470
BFD,uniforme_continua,16000,9,8032,0,0.000000,150679.6,8002.988470
NF,uniforme_continua,2000,0,1323,0,0.000000,20.4,993.862328
FF,uniforme_continua,2000,0,1036,0,0.000000,1062.7,993.862328
BF,uniforme_continua,2000,0,1022,0,0.000000,2033.2,993.862328
FFD,uniforme_continua,2000,0,1004,0,0.000000,1525.1,993.862328
BFD,uniforme_continua,2000,0,1004,0,0.000000,2608.2,993.862328
NF,uniforme_continua,2000,1,1357,0,0.000000,19.2,1016.948762
FF,uniforme_continua,2000,1,1074,0,0.000000,1098.7,1016.948762
BF,uniforme_continua,2000,1,1062,0,0.000000,2342.3,1016.948762
FFD,uniforme_continua,2000,1,1042,0,0.000000,1563.2,1016.948762
BFD,uniforme_continua,2000,1,1042,0,0.000000,3048.9,1016.948762
NF,uniforme_continua,2000,2,1336,0,0.000000,22.4,1000.530203
FF,uniforme_continua,2000,2,1054,0,0.000000,1064.4,1000.530203
BF,uniforme_continua,2000,2,1044,0,0.000000,2133.1,1000.530203
FFD,uniforme_continua,2000,2,1009,0,0.000000,1517.0,1000.530203
BFD,uniforme_continua,2000,2,1009,0,0.000000,2608.9,1000.530203
NF,uniforme_continua,2000,3,1369,0,0.000000,22.7,1014.813417
FF,uniforme_continua,2000,3,1062,0,0.000000,1096.6,1014.813417
BF,uniforme_continua,2000,3,1053,0,0.000000,2319.6,1014.813417
FFD,uniforme_continua,2000,3,1027,0,0.000000,1571.5,1014.813417
BFD,uniforme_continua,2000,3,1027,0,0.000000,2739.6,1014.813417
NF,uniforme_continua,2000,4,1380,0,0.000000,22.1,1024.940832
FF,uniforme_continua,2000,4,1082,0,0.000000,1096.6,1024.940832
BF,uniforme_continua,2000,4,1071,0,0.000000,2251.8,1024.940832
FFD,uniforme_continua,2000,4,1047,0,0.000000,1473.4,1024.940832
BFD,uniforme_continua,2000,4,1047,0,0.000000,3330.9,1024.940832
NF,uniforme_continua,2000,5,1341,0,0.000000,18.7,1006.020356
FF,uniforme_continua,2000,5,1048,0,0.000000,1023.8,1006.020356
BF,uniforme_continua,2000,5,1036,0,0.000000,2229.0,1006.020356
FFD,uniforme_continua,2000,5,1016,0,0.000000,1479.8,1006.020356
BFD,uniforme_continua,2000,5,1016,0,0.000000,2688.7,1006.020356
NF,uniforme_continua,2000,6,1294,0,0.000000,21.7,972.052176
FF,uniforme_continua,2000,6,1006,0,0.000000,1162.4,972.052176
BF,uniforme_continua,2000,6,996,0,0.000000,1805.9,972.052176
FFD,uniforme_continua,2000,6,975,0,0.000000,1459.0,972.052176
BFD,uniforme_continua,2000,6,975,0,0.000000,2265.0,972.052176
NF,uniforme_continua,2000,7,1326,0,0.000000,22.4,994.155253
FF,uniforme_continua,2000,7,1034,0,0.000000,1004.5,994.155253
BF,uniforme_continua,2000,7,1023,0,0.000000,2189.9,994.155253
FFD,uniforme_continua,2000,7,1003,0,0.000000,1429.1,994.155253
BFD,uniforme_continua,2000,7,1003,0,0.000000,2422.9,994.155253
NF,uniforme_continua,2000,8,1311,0,0.000000,20.0,987.270804
FF,uniforme_continua,2000,8,1031,0,0.000000,1056.0,987.270804
BF,uniforme_continua,2000,8,1016,0,0.000000,1883.4,987.270804
FFD,uniforme_continua,2000,8,995,0,0.000000,1405.5,987.270804
BFD,uniforme_continua,2000,8,995,0,0.000000,2544.3,987.270804
NF,uniforme_continua,2000,9,1276,0,0.000000,28.9,964.454110
FF,uniforme_continua,2000,9,1007,0,0.000000,967.5,964.454110
BF,uniforme_continua,2000,9,995,0,0.000000,2236.7,964.454110
FFD,uniforme_continua,2000,9,968,0,0.000000,1434.3,964.454110
BFD,uniforme_continua,2000,9,968,0,0.000000,2350.2,964.454110
NF,uniforme_continua,4000,0,2680,0,0.000000,49.6,2013.974879
FF,uniforme_continua,4000,0,2108,0,0.000000,4279.3,2013.974879
BF,uniforme_continua,4000,0,2086,0,0.000000,7995.3,2013.974879
FFD,uniforme_continua,4000,0,2056,0,0.000000,5105.6,2013.974879
BFD,uniforme_continua,4000,0,2056,0,0.000000,11532.9,2013.974879
NF,uniforme_continua,4000,1,2657,0,0.000000,49.4,1988.587520
FF,uniforme_continua,4000,1,2053,0,0.000000,3962.2,1988.587520
BF,uniforme_continua,4000,1,2029,0,0.000000,6919.0,1988.587520
FFD,uniforme_continua,4000,1,1996,0,0.000000,4831.4,1988.587520
BFD,uniforme_continua,4000,1,1996,0,0.000000,9310.9,1988.587520
NF,uniforme_continua,4000,2,2660,0,0.000000,42.1,1991.451665
FF,uniforme_continua,4000,2,2053,0,0.000000,3854.8,1991.451665
BF,uniforme_continua,4000,2,2036,0,0.000000,6710.2,1991.451665
FFD,uniforme_continua,4000,2,2006,0,0.000000,4766.3,1991.451665
BFD,uniforme_continua,4000,2,2006,0,0.000000,8411.6,1991.451665
NF,uniforme_continua,4000,3,2660,0,0.000000,44.1,1986.691636
FF,uniforme_continua,4000,3,2060,0,0.000000,3910.2,1986.691636
BF,uniforme_continua,4000,3,2033,0,0.000000,7017.8,1986.691636
FFD,uniforme_continua,4000,3,2008,0,0.000000,5052.0,1986.691636
BFD,uniforme_continua,4000,3,2008,0,0.000000,8682.7,1986.691636
NF,uniforme_continua,4000,4,2674,0,0.000000,33.9,2002.717967
FF,uniforme_continua,4000,4,2089,0,0.000000,3839.2,2002.717967
BF,uniforme_continua,4000,4,2072,0,0.000000,7035.0,2002.717967
FFD,uniforme_continua,4000,4,2034,0,0.000000,4653.4,2002.717967
BFD,uniforme_continua,4000,4,2034,0,0.000000,8433.5,2002.717967
NF,uniforme_continua,4000,5,2624,0,0.000000,41.3,1985.643559
FF,uniforme_continua,4000,5,2056,0,0.000000,3522.4,1985.643559
BF,uniforme_continua,4000,5,2034,0,0.000000,6144.2,1985.643559
FFD,uniforme_continua,4000,5,1997,0,0.000000,4428.5,1985.643559
BFD,uniforme_continua,4000,5,1997,0,0.000000,7814.6,1985.643559
NF,uniforme_continua,4000,6,2620,0,0.000000,59.4,1972.115882
FF,uniforme_continua,4000,6,2049,0,0.000000,3859.5,1972.115882
BF,uniforme_continua,4000,6,2033,0,0.000000,6058.8,1972.115882
FFD,uniforme_continua,4000,6,1989,0,0.000000,4443.6,1972.115882
BFD,uniforme_continua,4000,6,1989,0,0.000000,9251.9,1972.115882
NF,uniforme_continua,4000,7,2642,0,0.000000,41.1,1979.187784
FF,uniforme_continua,4000,7,2057,0,0.000000,3598.4,1979.187784
BF,uniforme_continua,4000,7,2038,0,0.000000,6737.9,1979.187784
FFD,uniforme_continua,4000,7,1988,0,0.000000,4465.4,1979.187784
BFD,uniforme_continua,4000,7,1988,0,0.000000,8612.9,1979.187784
NF,uniforme_continua,4000,8,2673,0,0.000000,42.4,1994.757652
FF,uniforme_continua,4000,8,2060,0,0.000000,3599.2,1994.757652
BF,uniforme_continua,4000,8,2027,0,0.000000,6261.1,1994.757652
FFD,uniforme_continua,4000,8,2014,0,0.000000,4820.1,1994.757652
BFD,uniforme_continua,4000,8,2014,0,0.000000,13668.3,1994.757652
NF,uniforme_continua,4000,9,2729,0,0.000000,156.8,2035.348693
FF,uniforme_continua,4000,9,2120,0,0.000000,3935.2,2035.348693
BF,uniforme_continua,4000,9,2095,0,0.000000,6980.3,2035.348693
FFD,uniforme_continua,4000,9,2067,0,0.000000,4928.9,2035.348693
BFD,uniforme_continua,4000,9,2067,0,0.000000,23258.6,2035.348693
NF,uniforme_continua,8000,0,5412,0,0.000000,270.2,4047.280282
FF,uniforme_continua,8000,0,4176,0,0.000000,15407.4,4047.280282
BF,uniforme_continua,8000,0,4137,0,0.000000,39647.6,4047.280282
FFD,uniforme_continua,8000,0,4083,0,0.000000,31734.2,4047.280282
BFD,uniforme_continua,8000,0,4083,0,0.000000,49132.0,4047.280282
NF,uniforme_continua,8000,1,5281,0,0.000000,114.9,3981.805443
FF,uniforme_continua,8000,1,4094,0,0.000000,19054.2,3981.805443
BF,uniforme_continua,8000,1,4052,0,0.000000,36009.5,3981.805443
FFD,uniforme_continua,8000,1,3997,0,0.000000,23612.6,3981.805443
BFD,uniforme_continua,8000,1,3997,0,0.000000,39037.3,3981.805443
NF,uniforme_continua,8000,2,5379,0,0.000000,124.0,4046.241034
FF,uniforme_continua,8000,2,4183,0,0.000000,21357.0,4046.241034
BF,uniforme_continua,8000,2,4143,0,0.000000,54503.2,4046.241034
FFD,uniforme_continua,8000,2,4077,0,0.000000,29425.3,4046.241034
BFD,uniforme_continua,8000,2,4077,0,0.000000,73255.0,4046.241034
NF,uniforme_continua,8000,3,5291,0,0.000000,319.4,3982.308846
FF,uniforme_continua,8000,3,4115,0,0.000000,24921.9,3982.308846
BF,uniforme_continua,8000,3,4071,0,0.000000,54230.8,3982.308846
FFD,uniforme_continua,8000,3,4018,0,0.000000,29508.6,3982.308846
BFD,uniforme_continua,8000,3,4018,0,0.000000,49461.2,3982.308846
NF,uniforme_continua,8000,4,5297,0,0.000000,137.5,3968.882845
FF,uniforme_continua,8000,4,4085,0,0.000000,23602.3,3968.882845
BF,uniforme_continua,8000,4,4042,0,0.000000,44811.9,3968.882845
FFD,uniforme_continua,8000,4,3978,0,0.000000,36014.7,3968.882845
BFD,uniforme_continua,8000,4,3977,0,0.000000,57343.7,3968.882845
NF,uniforme_continua,8000,5,5365,0,0.000000,116.2,4015.594672
FF,uniforme_continua,8000,5,4152,0,0.000000,24103.0,4015.594672
BF,uniforme_continua,8000,5,4099,0,0.000000,50572.6,4015.594672
FFD,uniforme_continua,8000,5,4060,0,0.000000,35396.5,4015.594672
BFD,uniforme_continua,8000,5,4060,0,0.000000,64772.0,4015.594672
NF,uniforme_continua,8000,6,5319,0,0.000000,119.5,4003.846097
FF,uniforme_continua,8000,6,4124,0,0.000000,32127.6,4003.846097
BF,uniforme_continua,8000,6,4084,0,0.000000,41042.7,4003.846097
FFD,uniforme_continua,8000,6,4026,0,0.000000,29196.5,4003.846097
BFD,uniforme_continua,8000,6,4026,0,0.000000,53992.6,4003.846097
NF,uniforme_continua,8000,7,5292,0,0.000000,116.3,3959.282687
FF,uniforme_continua,8000,7,4077,0,0.000000,22215.9,3959.282687
BF,uniforme_continua,8000,7,4039,0,0.000000,35985.3,3959.282687
FFD,uniforme_continua,8000,7,3973,0,0.000000,42458.7,3959.282687
BFD,uniforme_continua,8000,7,3973,0,0.000000,40504.8,3959.282687
NF,uniforme_continua,8000,8,5367,0,0.000000,120.2,4033.729106
FF,uniforme_continua,8000,8,4152,0,0.000000,18621.5,4033.729106
BF,uniforme_continua,8000,8,4103,0,0.000000,31349.6,4033.729106
FFD,uniforme_continua,8000,8,4068,0,0.000000,22126.8,4033.729106
BFD,uniforme_continua,8000,8,4068,0,0.000000,41896.0,4033.729106
NF,uniforme_continua,8000,9,5359,0,0.000000,126.3,4030.993342
FF,uniforme_continua,8000,9,4173,0,0.000000,17950.1,4030.993342
BF,uniforme_continua,8000,9,4124,0,0.000000,49549.8,4030.993342
FFD,uniforme_continua,8000,9,4090,0,0.000000,35647.5,4030.993342
BFD,uniforme_continua,8000,9,4090,0,0.000000,59201.6,4030.993342
NF,uniforme_discreta_100,1000,0,670,0,0.000000,14.1,506.850000
FF,uniforme_discreta_100,1000,0,530,0,0.000000,349.1,506.850000
BF,uniforme_discreta_100,1000,0,521,0,0.000000,663.8,506.850000
FFD,uniforme_discreta_100,1000,0,513,0,0.000000,556.3,506.850000
BFD,uniforme_discreta_100,1000,0,513,0,0.000000,1279.8,506.850000
NF,uniforme_discreta_100,1000,1,656,0,0.000000,11.8,497.930000
FF,uniforme_discreta_100,1000,1,523,0,0.000000,332.3,497.930000
BF,uniforme_discreta_100,1000,1,516,0,0.000000,582.4,497.930000
FFD,uniforme_discreta_100,1000,1,501,0,0.000000,547.7,497.930000
BFD,uniforme_discreta_100,1000,1,501,0,0.000000,881.6,497.930000
NF,uniforme_discreta_100,1000,2,666,0,0.000000,12.9,498.890000
FF,uniforme_discreta_100,1000,2,526,0,0.000000,352.2,498.890000
BF,uniforme_discreta_100,1000,2,517,0,0.000000,763.9,498.890000
FFD,uniforme_discreta_100,1000,2,506,0,0.000000,791.6,498.890000
BFD,uniforme_discreta_100,1000,2,506,0,0.000000,1131.8,498.890000
NF,uniforme_discreta_100,1000,3,680,0,0.000000,11.3,510.980000
FF,uniforme_discreta_100,1000,3,542,0,0.000000,364.2,510.980000
BF,uniforme_discreta_100,1000,3,538,0,0.000000,886.8,510.980000
FFD,uniforme_discreta_100,1000,3,526,0,0.000000,591.0,510.980000
BFD,uniforme_discreta_100,1000,3,526,0,0.000000,1352.5,510.980000
NF,uniforme_discreta_100,1000,4,685,0,0.000000,15.7,516.900000
FF,uniforme_discreta_100,1000,4,542,0,0.000000,530.7,516.900000
BF,uniforme_discreta_100,1000,4,537,0,0.000000,850.9,516.900000
FFD,uniforme_discreta_100,1000,4,523,0,0.000000,671.2,516.900000
BFD,uniforme_discreta_100,1000,4,523,0,0.000000,1052.4,516.900000
NF,uniforme_discreta_100,1000,5,681,0,0.000000,12.4,505.140000
FF,uniforme_discreta_100,1000,5,535,0,0.000000,333.4,505.140000
BF,uniforme_discreta_100,1000,5,529,0,0.000000,691.4,505.140000
FFD,uniforme_discreta_100,1000,5,511,0,0.000000,557.0,505.140000
BFD,uniforme_discreta_100,1000,5,511,0,0.000000,902.9,505.140000
NF,uniforme_discreta_100,1000,6,662,0,0.000000,13.5,493.550000
FF,uniforme_discreta_100,1000,6,521,0,0.000000,329.2,493.550000
BF,uniforme_discreta_100,1000,6,512,0,0.000000,686.1,493.550000
FFD,uniforme_discreta_100,1000,6,504,0,0.000000,546.2,493.550000
BFD,uniforme_discreta_100,1000,6,504,0,0.000000,931.3,493.550000
NF,uniforme_discreta_100,1000,7,655,0,0.000000,11.6,496.260000
FF,uniforme_discreta_100,1000,7,522,0,0.000000,443.8,496.260000
BF,uniforme_discreta_100,1000,7,516,0,0.000000,703.6,496.260000
FFD,uniforme_discreta_100,1000,7,500,0,0.000000,788.1,496.260000
BFD,uniforme_discreta_100,1000,7,500,0,0.000000,936.8,496.260000
NF,uniforme_discreta_100,1000,8,678,0,0.000000,15.6,512.420000
FF,uniforme_discreta_100,1000,8,540,0,0.000000,441.2,512.420000
BF,uniforme_discreta_100,1000,8,532,0,0.000000,863.7,512.420000
FFD,uniforme_discreta_100,1000,8,521,0,0.000000,760.2,512.420000
BFD,uniforme_discreta_100,1000,8,521,0,0.000000,933.5,512.420000
NF,uniforme_discreta_100,1000,9,667,0,0.000000,13.8,504.850000
FF,uniforme_discreta_100,1000,9,531,0,0.000000,355.2,504.850000
BF,uniforme_discreta_100,1000,9,524,0,0.000000,649.4,504.850000
FFD,uniforme_discreta_100,1000,9,508,0,0.000000,694.8,504.850000
BFD,uniforme_discreta_100,1000,9,508,0,0.000000,887.1,504.850000
NF,uniforme_discreta_100,16000,0,10758,0,0.000000,194.5,8077.530000
FF,uniforme_discreta_100,16000,0,8221,0,0.000000,81658.2,8077.530000
BF,uniforme_discreta_100,16000,0,8148,0,0.000000,132184.1,8077.530000
FFD,uniforme_discreta_100,16000,0,8094,0,0.000000,110326.8,8077.530000
BFD,uniforme_discreta_100,16000,0,8094,0,0.000000,189847.1,8077.530000
NF,uniforme_discreta_100,16000,1,10646,0,0.000000,195.7,8036.450000
FF,uniforme_discreta_100,16000,1,8190,0,0.000000,68783.7,8036.450000
BF,uniforme_discreta_100,16000,1,8124,0,0.000000,84342.9,8036.450000
FFD,uniforme_discreta_100,16000,1,8040,0,0.000000,69557.6,8036.450000
BFD,uniforme_discreta_100,16000,1,8040,0,0.000000,96759.1,8036.450000
NF,uniforme_discreta_100,16000,2,10627,0,0.000000,129.7,8013.370000
FF,uniforme_discreta_100,16000,2,8179,0,0.000000,102737.2,8013.370000
BF,uniforme_discreta_100,16000,2,8111,0,0.000000,96717.0,8013.370000
FFD,uniforme_discreta_100,16000,2,8029,0,0.000000,171143.7,8013.370000
BFD,uniforme_discreta_100,16000,2,8029,0,0.000000,144028.9,8013.370000
NF,uniforme_discreta_100,16000,3,10826,0,0.000000,161.2,8146.350000
FF,uniforme_discreta_100,16000,3,8332,0,0.000000,81945.2,8146.350000
BF,uniforme_discreta_100,16000,3,8276,0,0.000000,89644.3,8146.350000
FFD,uniforme_discreta_100,16000,3,8209,0,0.000000,101237.6,8146.350000
BFD,uniforme_discreta_100,16000,3,8209,0,0.000000,127098.6,8146.350000
NF,uniforme_discreta_100,16000,4,10715,0,0.000000,177.8,8078.740000
FF,uniforme_discreta_100,16000,4,8235,0,0.000000,110225.6,8078.740000
BF,uniforme_discreta_100,16000,4,8159,0,0.000000,111834.7,8078.740000
FFD,uniforme_discreta_100,16000,4,8096,0,0.000000,136409.8,8078.740000
BFD,uniforme_discreta_100,16000,4,8096,0,0.000000,177513.4,8078.740000
NF,uniforme_discreta_100,16000,5,10787,0,0.000000,346.4,8121.580000
FF,uniforme_discreta_100,16000,5,8292,0,0.000000,89969.5,8121.580000
BF,uniforme_discreta_100,16000,5,8229,0,0.000000,114513.2,8121.580000
FFD,uniforme_discreta_100,16000,5,8164,0,0.000000,90391.4,8121.580000
BFD,uniforme_discreta_100,16000,5,8164,0,0.000000,192363.9,8121.580000
NF,uniforme_discreta_100,16000,6,10708,0,0.000000,234.3,8073.810000
FF,uniforme_discreta_100,16000,6,8240,0,0.000000,83237.9,8073.810000
BF,uniforme_discreta_100,16000,6,8182,0,0.000000,102153.2,8073.810000
FFD,uniforme_discreta_100,16000,6,8091,0,0.000000,132164.8,8073.810000
BFD,uniforme_discreta_100,16000,6,8091,0,0.000000,137044.7,8073.810000
NF,uniforme_discreta_100,16000,7,10715,0,0.000000,214.8,8071.690000
FF,uniforme_discreta_100,16000,7,8222,0,0.000000,113036.2,8071.690000
BF,uniforme_discreta_100,16000,7,8144,0,0.000000,121089.2,8071.690000
FFD,uniforme_discreta_100,16000,7,8082,0,0.000000,86723.1,8071.690000
BFD,uniforme_discreta_100,16000,7,8082,0,0.000000,173212.1,8071.690000
NF,uniforme_discreta_100,16000,8,10821,0,0.000000,191.8,8163.390000
FF,uniforme_discreta_100,16000,8,8372,0,0.000000,94145.5,8163.390000
BF,uniforme_discreta_100,16000,8,8322,0,0.000000,117169.2,8163.390000
FFD,uniforme_discreta_100,16000,8,8263,0,0.000000,81624.2,8163.390000
BFD,uniforme_discreta_100,16000,8,8263,0,0.000000,175083.1,8163.390000
NF,uniforme_discreta_100,16000,9,10751,0,0.000000,189.3,8103.390000
FF,uniforme_discreta_100,16000,9,8262,0,0.000000,78247.2,8103.390000
BF,uniforme_discreta_100,16000,9,8183,0,0.000000,117693.2,8103.390000
FFD,uniforme_discreta_100,16000,9,8135,0,0.000000,86583.0,8103.390000
BFD,uniforme_discreta_100,16000,9,8135,0,0.000000,202616.7,8103.390000
NF,uniforme_discreta_100,2000,0,1357,0,0.000000,44.3,1012.250000
FF,uniforme_discreta_100,2000,0,1058,0,0.000000,1529.2,1012.250000
BF,uniforme_discreta_100,2000,0,1041,0,0.000000,2896.9,1012.250000
FFD,uniforme_discreta_100,2000,0,1023,0,0.000000,2162.2,1012.250000
BFD,uniforme_discreta_100,2000,0,1023,0,0.000000,3640.7,1012.250000
NF,uniforme_discreta_100,2000,1,1336,0,0.000000,40.6,1004.090000
FF,uniforme_discreta_100,2000,1,1047,0,0.000000,1531.4,1004.090000
BF,uniforme_discreta_100,2000,1,1035,0,0.000000,2965.1,1004.090000
FFD,uniforme_discreta_100,2000,1,1014,0,0.000000,2132.9,1004.090000
BFD,uniforme_discreta_100,2000,1,1014,0,0.000000,3702.9,1004.090000
NF,uniforme_discreta_100,2000,2,1331,0,0.000000,43.6,1008.190000
FF,uniforme_discreta_100,2000,2,1053,0,0.000000,1516.3,1008.190000
BF,uniforme_discreta_100,2000,2,1047,0,0.000000,2945.0,1008.190000
FFD,uniforme_discreta_100,2000,2,1018,0,0.000000,2196.9,1008.190000
BFD,uniforme_discreta_100,2000,2,1018,0,0.000000,3603.6,1008.190000
NF,uniforme_discreta_100,2000,3,1341,0,0.000000,38.6,1010.410000
FF,uniforme_discreta_100,2000,3,1056,0,0.000000,1554.9,1010.410000
BF,uniforme_discreta_100,2000,3,1046,0,0.000000,2976.5,1010.410000
FFD,uniforme_discreta_100,2000,3,1017,0,0.000000,2164.8,1010.410000
BFD,uniforme_discreta_100,2000,3,1017,0,0.000000,3544.6,1010.410000
NF,uniforme_discreta_100,2000,4,1352,0,0.000000,36.1,1022.840000
FF,uniforme_discreta_100,2000,4,1071,0,0.000000,1526.2,1022.840000
BF,uniforme_discreta_100,2000,4,1059,0,0.000000,2857.6,1022.840000
FFD,uniforme_discreta_100,2000,4,1034,0,0.000000,2170.3,1022.840000
BFD,uniforme_discreta_100,2000,4,1034,0,0.000000,4135.9,1022.840000
NF,uniforme_discreta_100,2000,5,1343,0,0.000000,43.4,1018.970000
FF,uniforme_discreta_100,2000,5,1058,0,0.000000,1703.9,1018.970000
BF,uniforme_discreta_100,2000,5,1047,0,0.000000,3303.8,1018.970000
FFD,uniforme_discreta_100,2000,5,1032,0,0.000000,2363.0,1018.970000
BFD,uniforme_discreta_100,2000,5,1032,0,0.000000,3634.6,1018.970000
NF,uniforme_discreta_100,2000,6,1321,0,0.000000,40.1,991.680000
FF,uniforme_discreta_100,2000,6,1032,0,0.000000,1507.5,991.680000
BF,uniforme_discreta_100,2000,6,1020,0,0.000000,2712.5,991.680000
FFD,uniforme_discreta_100,2000,6,994,0,0.000000,2103.8,991.680000
BFD,uniforme_discreta_100,2000,6,994,0,0.000000,3423.7,991.680000
NF,uniforme_discreta_100,2000,7,1377,0,0.000000,37.2,1029.310000
FF,uniforme_discreta_100,2000,7,1075,0,0.000000,1567.5,1029.310000
BF,uniforme_discreta_100,2000,7,1061,0,0.000000,2941.3,1029.310000
FFD,uniforme_discreta_100,2000,7,1043,0,0.000000,1973.1,1029.310000
BFD,uniforme_discreta_100,2000,7,1043,0,0.000000,3416.1,1029.310000
NF,uniforme_discreta_100,2000,8,1344,0,0.000000,26.8,1015.410000
FF,uniforme_discreta_100,2000,8,1059,0,0.000000,1485.3,1015.410000
BF,uniforme_discreta_100,2000,8,1047,0,0.000000,2864.5,1015.410000
FFD,uniforme_discreta_100,2000,8,1026,0,0.000000,2088.2,1015.410000
BFD,uniforme_discreta_100,2000,8,1026,0,0.000000,3151.5,1015.410000
NF,uniforme_discreta_100,2000,9,1310,0,0.000000,32.9,985.980000
FF,uniforme_discreta_100,2000,9,1026,0,0.000000,1369.6,985.980000
BF,uniforme_discreta_100,2000,9,1013,0,0.000000,2632.0,985.980000
FFD,uniforme_discreta_100,2000,9,988,0,0.000000,2040.3,985.980000
BFD,uniforme_discreta_100,2000,9,988,0,0.000000,3321.3,985.980000
NF,uniforme_discreta_100,4000,0,2698,0,0.000000,73.5,2053.250000
FF,uniforme_discreta_100,4000,0,2138,0,0.000000,5644.4,2053.250000
BF,uniforme_discreta_100,4000,0,2121,0,0.000000,9620.6,2053.250000
FFD,uniforme_discreta_100,4000,0,2091,0,0.000000,7054.6,2053.250000
BFD,uniforme_discreta_100,4000,0,2091,0,0.000000,12753.5,2053.250000
NF,uniforme_discreta_100,4000,1,2711,0,0.000000,71.9,2035.300000
FF,uniforme_discreta_100,4000,1,2103,0,0.000000,5504.1,2035.300000
BF,uniforme_discreta_100,4000,1,2078,0,0.000000,8849.6,2035.300000
FFD,uniforme_discreta_100,4000,1,2057,0,0.000000,6437.8,2035.300000
BFD,uniforme_discreta_100,4000,1,2057,0,0.000000,11724.9,2035.300000
NF,uniforme_discreta_100,4000,2,2679,0,0.000000,67.7,2019.450000
FF,uniforme_discreta_100,4000,2,2081,0,0.000000,5158.2,2019.450000
BF,uniforme_discreta_100,4000,2,2060,0,0.000000,9022.0,2019.450000
FFD,uniforme_discreta_100,4000,2,2032,0,0.000000,6374.7,2019.450000
BFD,uniforme_discreta_100,4000,2,2032,0,0.000000,10706.2,2019.450000
NF,uniforme_discreta_100,4000,3,2683,0,0.000000,53.1,2020.030000
FF,uniforme_discreta_100,4000,3,2108,0,0.000000,5358.2,2020.030000
BF,uniforme_discreta_100,4000,3,2087,0,0.000000,8601.5,2020.030000
FFD,uniforme_discreta_100,4000,3,2051,0,0.000000,6762.9,2020.030000
BFD,uniforme_discreta_100,4000,3,2051,0,0.000000,10188.9,2020.030000
NF,uniforme_discreta_100,4000,4,2683,0,0.000000,58.7,2025.940000
FF,uniforme_discreta_100,4000,4,2101,0,0.000000,4943.0,2025.940000
BF,uniforme_discreta_100,4000,4,2083,0,0.000000,10395.7,2025.940000
FFD,uniforme_discreta_100,4000,4,2045,0,0.000000,6073.9,2025.940000
BFD,uniforme_discreta_100,4000,4,2045,0,0.000000,9854.4,2025.940000
NF,uniforme_discreta_100,4000,5,2652,0,0.000000,43.6,2009.770000
FF,uniforme_discreta_100,4000,5,2067,0,0.000000,4966.4,2009.770000
BF,uniforme_discreta_100,4000,5,2049,0,0.000000,7919.2,2009.770000
FFD,uniforme_discreta_100,4000,5,2015,0,0.000000,6254.5,2009.770000
BFD,uniforme_discreta_100,4000,5,2015,0,0.000000,9820.8,2009.770000
NF,uniforme_discreta_100,4000,6,2637,0,0.000000,48.3,1979.970000
FF,uniforme_discreta_100,4000,6,2035,0,0.000000,4840.3,1979.970000
BF,uniforme_discreta_100,4000,6,2013,0,0.000000,7049.7,1979.970000
FFD,uniforme_discreta_100,4000,6,1984,0,0.000000,5913.8,1979.970000
BFD,uniforme_discreta_100,4000,6,1984,0,0.000000,12321.6,1979.970000
NF,uniforme_discreta_100,4000,7,2645,0,0.000000,64.0,1993.740000
FF,uniforme_discreta_100,4000,7,2051,0,0.000000,4957.5,1993.740000
BF,uniforme_discreta_100,4000,7,2031,0,0.000000,7677.7,1993.740000
FFD,uniforme_discreta_100,4000,7,2003,0,0.000000,6642.2,1993.740000
BFD,uniforme_discreta_100,4000,7,2003,0,0.000000,10968.0,1993.740000
NF,uniforme_discreta_100,4000,8,2664,0,0.000000,46.0,1999.830000
FF,uniforme_discreta_100,4000,8,2071,0,0.000000,4761.6,1999.830000
BF,uniforme_discreta_100,4000,8,2050,0,0.000000,10159.1,1999.830000
FFD,uniforme_discreta_100,4000,8,2030,0,0.000000,6821.4,1999.830000
BFD,uniforme_discreta_100,4000,8,2030,0,0.000000,11759.9,1999.830000
NF,uniforme_discreta_100,4000,9,2760,0,0.000000,68.5,2076.880000
FF,uniforme_discreta_100,4000,9,2150,0,0.000000,4491.9,2076.880000
BF,uniforme_discreta_100,4000,9,2126,0,0.000000,9119.3,2076.880000
FFD,uniforme_discreta_100,4000,9,2104,0,0.000000,5947.3,2076.880000
BFD,uniforme_discreta_100,4000,9,2104,0,0.000000,10050.4,2076.880000
NF,uniforme_discreta_100,8000,0,5381,0,0.000000,80.3,4089.500000
FF,uniforme_discreta_100,8000,0,4199,0,0.000000,22369.5,4089.500000
BF,uniforme_discreta_100,8000,0,4162,0,0.000000,25092.1,4089.500000
FFD,uniforme_discreta_100,8000,0,4123,0,0.000000,24331.8,4089.500000
BFD,uniforme_discreta_100,8000,0,4123,0,0.000000,75500.8,4089.500000
NF,uniforme_discreta_100,8000,1,5386,0,0.000000,123.1,4061.360000
FF,uniforme_discreta_100,8000,1,4174,0,0.000000,29878.9,4061.360000
BF,uniforme_discreta_100,8000,1,4139,0,0.000000,63911.7,4061.360000
FFD,uniforme_discreta_100,8000,1,4112,0,0.000000,27979.6,4061.360000
BFD,uniforme_discreta_100,8000,1,4112,0,0.000000,46627.1,4061.360000
NF,uniforme_discreta_100,8000,2,5364,0,0.000000,103.4,4028.650000
FF,uniforme_discreta_100,8000,2,4130,0,0.000000,20866.8,4028.650000
BF,uniforme_discreta_100,8000,2,4093,0,0.000000,41629.7,4028.650000
FFD,uniforme_discreta_100,8000,2,4034,0,0.000000,23253.8,4028.650000
BFD,uniforme_discreta_100,8000,2,4034,0,0.000000,49689.1,4028.650000
NF,uniforme_discreta_100,8000,3,5277,0,0.000000,104.9,3986.870000
FF,uniforme_discreta_100,8000,3,4079,0,0.000000,32076.3,3986.870000
BF,uniforme_discreta_100,8000,3,4039,0,0.000000,57611.7,3986.870000
FFD,uniforme_discreta_100,8000,3,3994,0,0.000000,49872.9,3986.870000
BFD,uniforme_discreta_100,8000,3,3994,0,0.000000,84818.5,3986.870000
NF,uniforme_discreta_100,8000,4,5367,0,0.000000,207.2,4036.210000
FF,uniforme_discreta_100,8000,4,4138,0,0.000000,38753.0,4036.210000
BF,uniforme_discreta_100,8000,4,4103,0,0.000000,63248.0,4036.210000
FFD,uniforme_discreta_100,8000,4,4052,0,0.000000,53371.7,4036.210000
BFD,uniforme_discreta_100,8000,4,4052,0,0.000000,77186.4,4036.210000
NF,uniforme_discreta_100,8000,5,5326,0,0.000000,188.6,4015.550000
FF,uniforme_discreta_100,8000,5,4124,0,0.000000,38207.6,4015.550000
BF,uniforme_discreta_100,8000,5,4084,0,0.000000,71967.2,4015.550000
FFD,uniforme_discreta_100,8000,5,4040,0,0.000000,55481.7,4015.550000
BFD,uniforme_discreta_100,8000,5,4040,0,0.000000,89791.9,4015.550000
NF,uniforme_discreta_100,8000,6,5329,0,0.000000,213.0,4021.170000
FF,uniforme_discreta_100,8000,6,4128,0,0.000000,45013.9,4021.170000
BF,uniforme_discreta_100,8000,6,4089,0,0.000000,66823.6,4021.170000
FFD,uniforme_discreta_100,8000,6,4038,0,0.000000,46123.9,4021.170000
BFD,uniforme_discreta_100,8000,6,4038,0,0.000000,64621.3,4021.170000
NF,uniforme_discreta_100,8000,7,5314,0,0.000000,188.2,4016.320000
FF,uniforme_discreta_100,8000,7,4114,0,0.000000,30460.7,4016.320000
BF,uniforme_discreta_100,8000,7,4061,0,0.000000,40304.4,4016.320000
FFD,uniforme_discreta_100,8000,7,4025,0,0.000000,32603.4,4016.320000
BFD,uniforme_discreta_100,8000,7,4025,0,0.000000,45514.4,4016.320000
NF,uniforme_discreta_100,8000,8,5406,0,0.000000,113.6,4059.680000
FF,uniforme_discreta_100,8000,8,4174,0,0.000000,24693.4,4059.680000
BF,uniforme_discreta_100,8000,8,4132,0,0.000000,33061.6,4059.680000
FFD,uniforme_discreta_100,8000,8,4094,0,0.000000,27068.5,4059.680000
BFD,uniforme_discreta_100,8000,8,4094,0,0.000000,43520.4,4059.680000
NF,uniforme_discreta_100,8000,9,5371,0,0.000000,119.3,4039.000000
FF,uniforme_discreta_100,8000,9,4139,0,0.000000,20309.1,4039.000000
BF,uniforme_discreta_100,8000,9,4096,0,0.000000,30227.9,4039.000000
FFD,uniforme_discreta_100,8000,9,4050,0,0.000000,25193.5,4039.000000
BFD,uniforme_discreta_100,8000,9,4050,0,0.000000,37453.6,4039.000000
