algoritmo,distribuicao,n,rep,bins_desordenado,bins_ordenado,delta_bins,t_desordenado_us,t_ordenado_us
NF,uniforme_continua,1000,0,688,660,-28,19,10
FF,uniforme_continua,1000,0,552,535,-17,277,277
BF,uniforme_continua,1000,0,544,535,-9,539,951
FFD,uniforme_continua,1000,0,535,535,0,470,358
BFD,uniforme_continua,1000,0,535,535,0,875,585
NF,uniforme_continua,1000,1,653,634,-19,13,7
FF,uniforme_continua,1000,1,522,498,-24,227,219
BF,uniforme_continua,1000,1,516,498,-18,371,490
FFD,uniforme_continua,1000,1,498,498,0,249,208
BFD,uniforme_continua,1000,1,498,498,0,479,640
NF,uniforme_continua,1000,2,657,646,-11,16,9
FF,uniforme_continua,1000,2,527,508,-19,287,321
BF,uniforme_continua,1000,2,517,508,-9,548,464
FFD,uniforme_continua,1000,2,508,508,0,186,160
BFD,uniforme_continua,1000,2,508,508,0,443,375
NF,uniforme_continua,1000,3,678,647,-31,7,4
FF,uniforme_continua,1000,3,533,514,-19,133,147
BF,uniforme_continua,1000,3,528,514,-14,274,321
FFD,uniforme_continua,1000,3,514,514,0,165,137
BFD,uniforme_continua,1000,3,514,514,0,344,296
NF,uniforme_continua,1000,4,671,649,-22,6,3
FF,uniforme_continua,1000,4,530,513,-17,113,123
BF,uniforme_continua,1000,4,522,513,-9,217,290
FFD,uniforme_continua,1000,4,513,513,0,146,123
BFD,uniforme_continua,1000,4,513,513,0,306,295
NF,uniforme_continua,1000,5,668,642,-26,6,3
FF,uniforme_continua,1000,5,528,508,-20,112,121
BF,uniforme_continua,1000,5,520,508,-12,215,284
FFD,uniforme_continua,1000,5,508,508,0,150,125
BFD,uniforme_continua,1000,5,508,508,0,306,287
NF,uniforme_continua,1000,6,645,633,-12,6,3
FF,uniforme_continua,1000,6,510,492,-18,114,121
BF,uniforme_continua,1000,6,505,492,-13,212,282
FFD,uniforme_continua,1000,6,492,492,0,139,120
BFD,uniforme_continua,1000,6,492,492,0,376,283
NF,uniforme_continua,1000,7,654,623,-31,7,3
FF,uniforme_continua,1000,7,517,493,-24,115,125
BF,uniforme_continua,1000,7,510,493,-17,216,279
FFD,uniforme_continua,1000,7,493,493,0,142,119
BFD,uniforme_continua,1000,7,493,493,0,461,464
NF,uniforme_continua,1000,8,660,634,-26,11,6
FF,uniforme_continua,1000,8,522,494,-28,134,117
BF,uniforme_continua,1000,8,517,494,-23,215,281
FFD,uniforme_continua,1000,8,494,494,0,142,119
BFD,uniforme_continua,1000,8,494,494,0,307,281
NF,uniforme_continua,1000,9,668,636,-32,6,3
FF,uniforme_continua,1000,9,527,508,-19,114,122
BF,uniforme_continua,1000,9,519,508,-11,213,290
FFD,uniforme_continua,1000,9,508,508,0,175,175
BFD,uniforme_continua,1000,9,508,508,0,306,289
NF,uniforme_continua,4000,0,2680,2601,-79,27,34
FF,uniforme_continua,4000,0,2108,2056,-52,1605,1782
BF,uniforme_continua,4000,0,2086,2056,-30,3227,4519
FFD,uniforme_continua,4000,0,2056,2056,0,1861,1813
BFD,uniforme_continua,4000,0,2056,2056,0,4551,4547
NF,uniforme_continua,4000,1,2657,2563,-94,28,22
FF,uniforme_continua,4000,1,2053,1996,-57,1630,1764
BF,uniforme_continua,4000,1,2029,1996,-33,3261,4364
FFD,uniforme_continua,4000,1,1996,1996,0,1908,1776
BFD,uniforme_continua,4000,1,1996,1996,0,4524,4563
NF,uniforme_continua,4000,2,2660,2560,-100,25,31
FF,uniforme_continua,4000,2,2053,2006,-47,1615,1834
BF,uniforme_continua,4000,2,2036,2006,-30,3116,4505
FFD,uniforme_continua,4000,2,2006,2006,0,1857,1853
BFD,uniforme_continua,4000,2,2006,2006,0,4470,4412
NF,uniforme_continua,4000,3,2660,2573,-87,22,23
FF,uniforme_continua,4000,3,2060,2008,-52,1607,1752
BF,uniforme_continua,4000,3,2033,2008,-25,3146,4390
FFD,uniforme_continua,4000,3,2008,2008,0,1860,1776
BFD,uniforme_continua,4000,3,2008,2008,0,4490,4609
NF,uniforme_continua,4000,4,2674,2596,-78,31,28
FF,uniforme_continua,4000,4,2089,2034,-55,1622,1815
BF,uniforme_continua,4000,4,2072,2034,-38,3177,4457
FFD,uniforme_continua,4000,4,2034,2034,0,1845,1770
BFD,uniforme_continua,4000,4,2034,2034,0,4717,4442
NF,uniforme_continua,4000,5,2624,2571,-53,64,63
FF,uniforme_continua,4000,5,2056,1997,-59,2023,1793
BF,uniforme_continua,4000,5,2034,1997,-37,3103,4413
FFD,uniforme_continua,4000,5,1997,1997,0,1843,1791
BFD,uniforme_continua,4000,5,1997,1997,0,4447,4470
NF,uniforme_continua,4000,6,2620,2557,-63,24,36
FF,uniforme_continua,4000,6,2049,1989,-60,1594,1761
BF,uniforme_continua,4000,6,2033,1989,-44,3051,4471
FFD,uniforme_continua,4000,6,1989,1989,0,1857,1761
BFD,uniforme_continua,4000,6,1989,1989,0,4460,4434
NF,uniforme_continua,4000,7,2642,2567,-75,21,30
FF,uniforme_continua,4000,7,2057,1988,-69,1598,1746
BF,uniforme_continua,4000,7,2038,1988,-50,3142,5725
FFD,uniforme_continua,4000,7,1988,1988,0,2510,2158
BFD,uniforme_continua,4000,7,1988,1988,0,4476,4420
NF,uniforme_continua,4000,8,2673,2575,-98,22,32
FF,uniforme_continua,4000,8,2060,2014,-46,1581,1755
BF,uniforme_continua,4000,8,2027,2014,-13,3108,4376
FFD,uniforme_continua,4000,8,2014,2014,0,1828,1747
BFD,uniforme_continua,4000,8,2014,2014,0,4471,4381
NF,uniforme_continua,4000,9,2729,2617,-112,21,29
FF,uniforme_continua,4000,9,2120,2067,-53,1636,1825
BF,uniforme_continua,4000,9,2095,2067,-28,3143,4483
FFD,uniforme_continua,4000,9,2067,2067,0,1886,1826
BFD,uniforme_continua,4000,9,2067,2067,0,4530,4727
NF,uniforme_continua,16000,0,10638,10284,-354,146,115
FF,uniforme_continua,16000,0,8154,8000,-154,25654,27196
BF,uniforme_continua,16000,0,8070,8000,-70,48303,70781
FFD,uniforme_continua,16000,0,8000,8000,0,27613,27282
BFD,uniforme_continua,16000,0,8000,8000,0,71345,70014
NF,uniforme_continua,16000,1,10647,10332,-315,145,129
FF,uniforme_continua,16000,1,8208,8040,-168,25608,27451
BF,uniforme_continua,16000,1,8114,8040,-74,49314,70531
FFD,uniforme_continua,16000,1,8040,8040,0,27969,27470
BFD,uniforme_continua,16000,1,8040,8040,0,71042,70245
NF,uniforme_continua,16000,2,10596,10296,-300,145,134
FF,uniforme_continua,16000,2,8173,7992,-181,25519,27337
BF,uniforme_continua,16000,2,8109,7992,-117,52602,69583
FFD,uniforme_continua,16000,2,7992,7992,0,27506,27246
BFD,uniforme_continua,16000,2,7992,7992,0,75331,77787
NF,uniforme_continua,16000,3,10681,10298,-383,144,142
FF,uniforme_continua,16000,3,8190,8027,-163,25760,27494
BF,uniforme_continua,16000,3,8100,8027,-73,48409,69664
FFD,uniforme_continua,16000,3,8027,8027,0,27693,27218
BFD,uniforme_continua,16000,3,8027,8027,0,70148,70067
NF,uniforme_continua,16000,4,10618,10264,-354,143,128
FF,uniforme_continua,16000,4,8170,8000,-170,25177,27095
BF,uniforme_continua,16000,4,8085,8000,-85,47921,72641
FFD,uniforme_continua,16000,4,8000,8000,0,28380,26854
BFD,uniforme_continua,16000,4,8000,8000,0,71483,72021
NF,uniforme_continua,16000,5,10615,10309,-306,141,127
FF,uniforme_continua,16000,5,8176,8000,-176,25689,27518
BF,uniforme_continua,16000,5,8098,8000,-98,48124,69974
FFD,uniforme_continua,16000,5,8000,8000,0,27722,39140
BFD,uniforme_continua,16000,5,8000,8000,0,72264,70445
NF,uniforme_continua,16000,6,10723,10369,-354,134,94
FF,uniforme_continua,16000,6,8247,8093,-154,25747,27534
BF,uniforme_continua,16000,6,8162,8093,-69,48639,70555
FFD,uniforme_continua,16000,6,8093,8093,0,28101,27501
BFD,uniforme_continua,16000,6,8093,8093,0,72054,71178
NF,uniforme_continua,16000,7,10764,10373,-391,142,94
FF,uniforme_continua,16000,7,8276,8122,-154,26114,32608
BF,uniforme_continua,16000,7,8186,8122,-64,49124,72657
FFD,uniforme_continua,16000,7,8122,8122,0,29116,29120
BFD,uniforme_continua,16000,7,8122,8122,0,73651,72622
NF,uniforme_continua,16000,8,10782,10447,-335,152,92
FF,uniforme_continua,16000,8,8328,8181,-147,25844,27633
BF,uniforme_continua,16000,8,8259,8181,-78,49267,70557
FFD,uniforme_continua,16000,8,8181,8181,0,28011,27571
BFD,uniforme_continua,16000,8,8181,8181,0,70907,70339
NF,uniforme_continua,16000,9,10707,10334,-373,135,92
FF,uniforme_continua,16000,9,8199,8032,-167,30355,28499
BF,uniforme_continua,16000,9,8118,8032,-86,61634,71652
FFD,uniforme_continua,16000,9,8032,8032,0,28656,27160
BFD,uniforme_continua,16000,9,8032,8032,0,70415,70714
NF,uniforme_discreta_100,1000,0,670,642,-28,7,4
FF,uniforme_discreta_100,1000,0,530,513,-17,114,137
BF,uniforme_discreta_100,1000,0,521,513,-8,215,287
FFD,uniforme_discreta_100,1000,0,513,513,0,146,125
BFD,uniforme_discreta_100,1000,0,513,513,0,313,290
NF,uniforme_discreta_100,1000,1,656,638,-18,6,3
FF,uniforme_discreta_100,1000,1,523,501,-22,146,139
BF,uniforme_discreta_100,1000,1,516,501,-15,211,284
FFD,uniforme_discreta_100,1000,1,501,501,0,142,124
BFD,uniforme_discreta_100,1000,1,501,501,0,301,287
NF,uniforme_discreta_100,1000,2,666,644,-22,6,3
FF,uniforme_discreta_100,1000,2,526,506,-20,113,120
BF,uniforme_discreta_100,1000,2,517,506,-11,212,287
FFD,uniforme_discreta_100,1000,2,506,506,0,143,124
BFD,uniforme_discreta_100,1000,2,506,506,0,304,284
NF,uniforme_discreta_100,1000,3,680,659,-21,6,3
FF,uniforme_discreta_100,1000,3,542,526,-16,118,126
BF,uniforme_discreta_100,1000,3,538,526,-12,225,294
FFD,uniforme_discreta_100,1000,3,526,526,0,148,132
BFD,uniforme_discreta_100,1000,3,526,526,0,314,292
NF,uniforme_discreta_100,1000,4,685,665,-20,6,3
FF,uniforme_discreta_100,1000,4,542,523,-19,152,130
BF,uniforme_discreta_100,1000,4,537,523,-14,218,291
FFD,uniforme_discreta_100,1000,4,523,523,0,147,129
BFD,uniforme_discreta_100,1000,4,523,523,0,314,290
NF,uniforme_discreta_100,1000,5,681,647,-34,6,3
FF,uniforme_discreta_100,1000,5,535,511,-24,113,123
BF,uniforme_discreta_100,1000,5,529,511,-18,216,289
FFD,uniforme_discreta_100,1000,5,511,511,0,145,124
BFD,uniforme_discreta_100,1000,5,511,511,0,303,290
NF,uniforme_discreta_100,1000,6,662,642,-20,6,3
FF,uniforme_discreta_100,1000,6,521,504,-17,111,120
BF,uniforme_discreta_100,1000,6,512,504,-8,211,284
FFD,uniforme_discreta_100,1000,6,504,504,0,145,121
BFD,uniforme_discreta_100,1000,6,504,504,0,301,506
NF,uniforme_discreta_100,1000,7,655,632,-23,10,6
FF,uniforme_discreta_100,1000,7,522,500,-22,182,187
BF,uniforme_discreta_100,1000,7,516,500,-16,360,337
FFD,uniforme_discreta_100,1000,7,500,500,0,143,123
BFD,uniforme_discreta_100,1000,7,500,500,0,302,287
NF,uniforme_discreta_100,1000,8,678,656,-22,6,4
FF,uniforme_discreta_100,1000,8,540,521,-19,115,129
BF,uniforme_discreta_100,1000,8,532,521,-11,224,315
FFD,uniforme_discreta_100,1000,8,521,521,0,151,134
BFD,uniforme_discreta_100,1000,8,521,521,0,308,290
NF,uniforme_discreta_100,1000,9,667,642,-25,6,3
FF,uniforme_discreta_100,1000,9,531,508,-23,153,142
BF,uniforme_discreta_100,1000,9,524,508,-16,213,285
FFD,uniforme_discreta_100,1000,9,508,508,0,143,130
BFD,uniforme_discreta_100,1000,9,508,508,0,305,286
NF,uniforme_discreta_100,4000,0,2698,2637,-61,38,32
FF,uniforme_discreta_100,4000,0,2138,2091,-47,1630,1840
BF,uniforme_discreta_100,4000,0,2121,2091,-30,3135,4467
FFD,uniforme_discreta_100,4000,0,2091,2091,0,1876,1849
BFD,uniforme_discreta_100,4000,0,2091,2091,0,4526,4457
NF,uniforme_discreta_100,4000,1,2711,2604,-107,21,10
FF,uniforme_discreta_100,4000,1,2103,2057,-46,1651,1800
BF,uniforme_discreta_100,4000,1,2078,2057,-21,3125,4438
FFD,uniforme_discreta_100,4000,1,2057,2057,0,1905,1802
BFD,uniforme_discreta_100,4000,1,2057,2057,0,4492,5261
NF,uniforme_discreta_100,4000,2,2679,2582,-97,23,12
FF,uniforme_discreta_100,4000,2,2081,2032,-49,1830,3069
BF,uniforme_discreta_100,4000,2,2060,2032,-28,3438,8699
FFD,uniforme_discreta_100,4000,2,2032,2032,0,1888,1823
BFD,uniforme_discreta_100,4000,2,2032,2032,0,4682,4803
NF,uniforme_discreta_100,4000,3,2683,2607,-76,23,11
FF,uniforme_discreta_100,4000,3,2108,2051,-57,1654,1832
BF,uniforme_discreta_100,4000,3,2087,2051,-36,3199,4473
FFD,uniforme_discreta_100,4000,3,2051,2051,0,1818,1767
BFD,uniforme_discreta_100,4000,3,2051,2051,0,4639,4679
NF,uniforme_discreta_100,4000,4,2683,2596,-87,23,11
FF,uniforme_discreta_100,4000,4,2101,2045,-56,1678,1857
BF,uniforme_discreta_100,4000,4,2083,2045,-38,3098,4669
FFD,uniforme_discreta_100,4000,4,2045,2045,0,1853,2893
BFD,uniforme_discreta_100,4000,4,2045,2045,0,6180,4795
NF,uniforme_discreta_100,4000,5,2652,2569,-83,25,12
FF,uniforme_discreta_100,4000,5,2067,2015,-52,1669,1951
BF,uniforme_discreta_100,4000,5,2049,2015,-34,4441,4890
FFD,uniforme_discreta_100,4000,5,2015,2015,0,1858,1799
BFD,uniforme_discreta_100,4000,5,2015,2015,0,4483,4433
NF,uniforme_discreta_100,4000,6,2637,2547,-90,22,11
FF,uniforme_discreta_100,4000,6,2035,1984,-51,1631,1758
BF,uniforme_discreta_100,4000,6,2013,1984,-29,3077,4348
FFD,uniforme_discreta_100,4000,6,1984,1984,0,1818,1770
BFD,uniforme_discreta_100,4000,6,1984,1984,0,4409,4352
NF,uniforme_discreta_100,4000,7,2645,2554,-91,29,14
FF,uniforme_discreta_100,4000,7,2051,2003,-48,1631,1769
BF,uniforme_discreta_100,4000,7,2031,2003,-28,3122,4351
FFD,uniforme_discreta_100,4000,7,2003,2003,0,2841,1790
BFD,uniforme_discreta_100,4000,7,2003,2003,0,4479,5123
NF,uniforme_discreta_100,4000,8,2664,2583,-81,24,14
FF,uniforme_discreta_100,4000,8,2071,2030,-41,1691,3566
BF,uniforme_discreta_100,4000,8,2050,2030,-20,6421,6278
FFD,uniforme_discreta_100,4000,8,2030,2030,0,2027,1886
BFD,uniforme_discreta_100,4000,8,2030,2030,0,5210,5370
NF,uniforme_discreta_100,4000,9,2760,2644,-116,23,11
FF,uniforme_discreta_100,4000,9,2150,2104,-46,1723,1870
BF,uniforme_discreta_100,4000,9,2126,2104,-22,3244,4732
FFD,uniforme_discreta_100,4000,9,2104,2104,0,1903,1845
BFD,uniforme_discreta_100,4000,9,2104,2104,0,4632,4559
NF,uniforme_discreta_100,16000,0,10758,10339,-419,153,100
FF,uniforme_discreta_100,16000,0,8221,8094,-127,28380,29284
BF,uniforme_discreta_100,16000,0,8148,8094,-54,63229,81109
FFD,uniforme_discreta_100,16000,0,8094,8094,0,27952,27707
BFD,uniforme_discreta_100,16000,0,8094,8094,0,70591,70432
NF,uniforme_discreta_100,16000,1,10646,10287,-359,140,96
FF,uniforme_discreta_100,16000,1,8190,8040,-150,25630,27244
BF,uniforme_discreta_100,16000,1,8124,8040,-84,48038,69855
FFD,uniforme_discreta_100,16000,1,8040,8040,0,28049,27760
BFD,uniforme_discreta_100,16000,1,8040,8040,0,70716,71061
NF,uniforme_discreta_100,16000,2,10627,10282,-345,143,95
FF,uniforme_discreta_100,16000,2,8179,8029,-150,25665,32608
BF,uniforme_discreta_100,16000,2,8111,8029,-82,48239,70990
FFD,uniforme_discreta_100,16000,2,8029,8029,0,27997,27568
BFD,uniforme_discreta_100,16000,2,8029,8029,0,74057,70617
NF,uniforme_discreta_100,16000,3,10826,10434,-392,148,106
FF,uniforme_discreta_100,16000,3,8332,8209,-123,25904,28179
BF,uniforme_discreta_100,16000,3,8276,8209,-67,48983,70988
FFD,uniforme_discreta_100,16000,3,8209,8209,0,28527,28144
BFD,uniforme_discreta_100,16000,3,8209,8209,0,71205,71625
NF,uniforme_discreta_100,16000,4,10715,10321,-394,135,91
FF,uniforme_discreta_100,16000,4,8235,8096,-139,25447,27752
BF,uniforme_discreta_100,16000,4,8159,8096,-63,49173,70245
FFD,uniforme_discreta_100,16000,4,8096,8096,0,27924,28447
BFD,uniforme_discreta_100,16000,4,8096,8096,0,70476,70364
NF,uniforme_discreta_100,16000,5,10787,10386,-401,134,99
FF,uniforme_discreta_100,16000,5,8292,8164,-128,25945,28089
BF,uniforme_discreta_100,16000,5,8229,8164,-65,48989,70667
FFD,uniforme_discreta_100,16000,5,8164,8164,0,28227,28073
BFD,uniforme_discreta_100,16000,5,8164,8164,0,70972,70971
NF,uniforme_discreta_100,16000,6,10708,10333,-375,141,103
FF,uniforme_discreta_100,16000,6,8240,8091,-149,25837,27249
BF,uniforme_discreta_100,16000,6,8182,8091,-91,51527,89866
FFD,uniforme_discreta_100,16000,6,8091,8091,0,29511,27357
BFD,uniforme_discreta_100,16000,6,8091,8091,0,70945,71112
NF,uniforme_discreta_100,16000,7,10715,10315,-400,147,94
FF,uniforme_discreta_100,16000,7,8222,8082,-140,25823,28160
BF,uniforme_discreta_100,16000,7,8144,8082,-62,49043,71190
FFD,uniforme_discreta_100,16000,7,8082,8082,0,27753,28134
BFD,uniforme_discreta_100,16000,7,8082,8082,0,71122,72595
NF,uniforme_discreta_100,16000,8,10821,10468,-353,154,104
FF,uniforme_discreta_100,16000,8,8372,8263,-109,26234,28871
BF,uniforme_discreta_100,16000,8,8322,8263,-59,50130,72185
FFD,uniforme_discreta_100,16000,8,8263,8263,0,28780,28484
BFD,uniforme_discreta_100,16000,8,8263,8263,0,74071,71659
NF,uniforme_discreta_100,16000,9,10751,10373,-378,141,95
FF,uniforme_discreta_100,16000,9,8262,8135,-127,25645,28224
BF,uniforme_discreta_100,16000,9,8183,8135,-48,49258,71527
FFD,uniforme_discreta_100,16000,9,8135,8135,0,28314,28184
BFD,uniforme_discreta_100,16000,9,8135,8135,0,71518,71360
NF,tres_particao,1000,0,467,450,-17,5,3
FF,tres_particao,1000,0,432,422,-10,114,112
BF,tres_particao,1000,0,432,422,-10,179,186
FFD,tres_particao,1000,0,422,422,0,131,120
BFD,tres_particao,1000,0,422,422,0,199,191
NF,tres_particao,1000,1,465,442,-23,4,3
FF,tres_particao,1000,1,428,417,-11,113,111
BF,tres_particao,1000,1,428,417,-11,168,183
FFD,tres_particao,1000,1,417,417,0,122,111
BFD,tres_particao,1000,1,417,417,0,197,192
NF,tres_particao,1000,2,473,447,-26,3,2
FF,tres_particao,1000,2,433,423,-10,107,113
BF,tres_particao,1000,2,433,423,-10,189,196
FFD,tres_particao,1000,2,423,423,0,124,122
BFD,tres_particao,1000,2,423,423,0,195,185
NF,tres_particao,1000,3,475,449,-26,3,2
FF,tres_particao,1000,3,439,426,-13,108,113
BF,tres_particao,1000,3,436,426,-10,171,192
FFD,tres_particao,1000,3,426,426,0,122,113
BFD,tres_particao,1000,3,426,426,0,195,185
NF,tres_particao,1000,4,473,450,-23,3,3
FF,tres_particao,1000,4,434,422,-12,106,113
BF,tres_particao,1000,4,434,422,-12,178,184
FFD,tres_particao,1000,4,422,422,0,122,113
BFD,tres_particao,1000,4,422,422,0,200,189
NF,tres_particao,1000,5,465,446,-19,3,2
FF,tres_particao,1000,5,429,420,-9,149,134
BF,tres_particao,1000,5,430,420,-10,169,189
FFD,tres_particao,1000,5,420,420,0,123,113
BFD,tres_particao,1000,5,420,420,0,200,184
NF,tres_particao,1000,6,469,447,-22,3,2
FF,tres_particao,1000,6,432,422,-10,106,112
BF,tres_particao,1000,6,432,422,-10,173,184
FFD,tres_particao,1000,6,422,422,0,131,112
BFD,tres_particao,1000,6,422,422,0,194,185
NF,tres_particao,1000,7,469,446,-23,3,2
FF,tres_particao,1000,7,428,418,-10,108,114
BF,tres_particao,1000,7,429,418,-11,177,183
FFD,tres_particao,1000,7,418,418,0,122,113
BFD,tres_particao,1000,7,418,418,0,193,184
NF,tres_particao,1000,8,470,444,-26,3,2
FF,tres_particao,1000,8,427,420,-7,107,119
BF,tres_particao,1000,8,427,420,-7,167,183
FFD,tres_particao,1000,8,420,420,0,121,111
BFD,tres_particao,1000,8,420,420,0,194,191
NF,tres_particao,1000,9,472,447,-25,3,2
FF,tres_particao,1000,9,432,421,-11,115,110
BF,tres_particao,1000,9,429,421,-8,172,183
FFD,tres_particao,1000,9,421,421,0,123,117
BFD,tres_particao,1000,9,421,421,0,197,184
NF,tres_particao,4000,0,1884,1792,-92,11,9
FF,tres_particao,4000,0,1726,1689,-37,1536,1620
BF,tres_particao,4000,0,1728,1689,-39,2574,2896
FFD,tres_particao,4000,0,1689,1689,0,1656,1643
BFD,tres_particao,4000,0,1689,1689,0,2884,2867
NF,tres_particao,4000,1,1878,1786,-92,11,8
FF,tres_particao,4000,1,1722,1682,-40,1491,1609
BF,tres_particao,4000,1,1723,1682,-41,2631,2833
FFD,tres_particao,4000,1,1682,1682,0,1689,1606
BFD,tres_particao,4000,1,1682,1682,0,2927,2820
NF,tres_particao,4000,2,1877,1780,-97,11,8
FF,tres_particao,4000,2,1716,1671,-45,1538,1608
BF,tres_particao,4000,2,1715,1671,-44,2545,2883
FFD,tres_particao,4000,2,1671,1671,0,1636,1601
BFD,tres_particao,4000,2,1671,1671,0,2920,2809
NF,tres_particao,4000,3,1878,1791,-87,11,8
FF,tres_particao,4000,3,1724,1685,-39,1536,1615
BF,tres_particao,4000,3,1724,1685,-39,2644,2843
FFD,tres_particao,4000,3,1685,1685,0,1676,1635
BFD,tres_particao,4000,3,1685,1685,0,2865,2902
NF,tres_particao,4000,4,1878,1791,-87,11,12
FF,tres_particao,4000,4,1723,1684,-39,1520,1611
BF,tres_particao,4000,4,1722,1684,-38,2589,2909
FFD,tres_particao,4000,4,1684,1684,0,1659,1603
BFD,tres_particao,4000,4,1684,1684,0,2917,2832
NF,tres_particao,4000,5,1871,1785,-86,13,9
FF,tres_particao,4000,5,1714,1677,-37,1495,1626
BF,tres_particao,4000,5,1716,1677,-39,2559,2896
FFD,tres_particao,4000,5,1677,1677,0,1637,1618
BFD,tres_particao,4000,5,1677,1677,0,2876,2826
NF,tres_particao,4000,6,1873,1781,-92,11,8
FF,tres_particao,4000,6,1716,1671,-45,1542,1604
BF,tres_particao,4000,6,1713,1671,-42,2570,2812
FFD,tres_particao,4000,6,1671,1671,0,1677,1625
BFD,tres_particao,4000,6,1671,1671,0,2924,2829
NF,tres_particao,4000,7,1878,1781,-97,11,8
FF,tres_particao,4000,7,1719,1676,-43,1496,1613
BF,tres_particao,4000,7,1716,1676,-40,2590,2829
FFD,tres_particao,4000,7,1676,1676,0,1665,1608
BFD,tres_particao,4000,7,1676,1676,0,2917,2823
NF,tres_particao,4000,8,1873,1787,-86,11,7
FF,tres_particao,4000,8,1723,1683,-40,1549,1632
BF,tres_particao,4000,8,1723,1683,-40,2562,2889
FFD,tres_particao,4000,8,1683,1683,0,1641,1607
BFD,tres_particao,4000,8,1683,1683,0,2929,2824
NF,tres_particao,4000,9,1886,1796,-90,12,9
FF,tres_particao,4000,9,1738,1690,-48,1553,1624
BF,tres_particao,4000,9,1736,1690,-46,2668,2839
FFD,tres_particao,4000,9,1690,1690,0,1714,1635
BFD,tres_particao,4000,9,1690,1690,0,2862,2843
NF,tres_particao,16000,0,7510,7144,-366,77,78
FF,tres_particao,16000,0,6885,6724,-161,23336,25106
BF,tres_particao,16000,0,6885,6724,-161,41835,45015
FFD,tres_particao,16000,0,6724,6724,0,25327,25223
BFD,tres_particao,16000,0,6724,6724,0,45338,45241
NF,tres_particao,16000,1,7500,7129,-371,71,74
FF,tres_particao,16000,1,6866,6713,-153,23302,25155
BF,tres_particao,16000,1,6868,6713,-155,40896,47044
FFD,tres_particao,16000,1,6713,6713,0,25571,25315
BFD,tres_particao,16000,1,6713,6713,0,45042,44904
NF,tres_particao,16000,2,7508,7132,-376,76,71
FF,tres_particao,16000,2,6858,6709,-149,23114,25124
BF,tres_particao,16000,2,6859,6709,-150,40449,44809
FFD,tres_particao,16000,2,6709,6709,0,25115,25080
BFD,tres_particao,16000,2,6709,6709,0,44953,45353
NF,tres_particao,16000,3,7517,7155,-362,68,75
FF,tres_particao,16000,3,6891,6727,-164,23514,25319
BF,tres_particao,16000,3,6892,6727,-165,42069,45860
FFD,tres_particao,16000,3,6727,6727,0,30831,31275
BFD,tres_particao,16000,3,6727,6727,0,47213,45047
NF,tres_particao,16000,4,7501,7131,-370,85,85
FF,tres_particao,16000,4,6865,6717,-148,23263,25091
BF,tres_particao,16000,4,6865,6717,-148,40570,46231
FFD,tres_particao,16000,4,6717,6717,0,25722,25316
BFD,tres_particao,16000,4,6717,6717,0,44811,44856
NF,tres_particao,16000,5,7519,7158,-361,68,70
FF,tres_particao,16000,5,6894,6734,-160,23313,25097
BF,tres_particao,16000,5,6891,6734,-157,40873,44979
FFD,tres_particao,16000,5,6734,6734,0,25210,25172
BFD,tres_particao,16000,5,6734,6734,0,45046,44970
NF,tres_particao,16000,6,7498,7138,-360,71,81
FF,tres_particao,16000,6,6875,6718,-157,23304,25037
BF,tres_particao,16000,6,6877,6718,-159,40888,45240
FFD,tres_particao,16000,6,6718,6718,0,25871,25477
BFD,tres_particao,16000,6,6718,6718,0,45510,45490
NF,tres_particao,16000,7,7523,7148,-375,75,89
FF,tres_particao,16000,7,6889,6720,-169,23310,25117
BF,tres_particao,16000,7,6886,6720,-166,40737,63311
FFD,tres_particao,16000,7,6720,6720,0,25949,26776
BFD,tres_particao,16000,7,6720,6720,0,45506,45404
NF,tres_particao,16000,8,7545,7175,-370,83,76
FF,tres_particao,16000,8,6907,6757,-150,23605,25540
BF,tres_particao,16000,8,6905,6757,-148,41214,46260
FFD,tres_particao,16000,8,6757,6757,0,25661,26102
BFD,tres_particao,16000,8,6757,6757,0,46826,46708
NF,tres_particao,16000,9,7521,7150,-371,104,90
FF,tres_particao,16000,9,6882,6732,-150,24141,26406
BF,tres_particao,16000,9,6880,6732,-148,41213,45247
FFD,tres_particao,16000,9,6732,6732,0,25454,25371
BFD,tres_particao,16000,9,6732,6732,0,45584,45278
NF,falkenauer_u120,1000,0,364,352,-12,6,4
FF,falkenauer_u120,1000,0,313,308,-5,91,91
BF,falkenauer_u120,1000,0,314,308,-6,131,163
FFD,falkenauer_u120,1000,0,308,308,0,106,97
BFD,falkenauer_u120,1000,0,308,308,0,176,161
NF,falkenauer_u120,1000,1,348,338,-10,5,3
FF,falkenauer_u120,1000,1,303,297,-6,78,88
BF,falkenauer_u120,1000,1,303,297,-6,125,155
FFD,falkenauer_u120,1000,1,297,297,0,106,89
BFD,falkenauer_u120,1000,1,297,297,0,170,155
NF,falkenauer_u120,1000,2,349,341,-8,5,2
FF,falkenauer_u120,1000,2,304,299,-5,79,88
BF,falkenauer_u120,1000,2,303,299,-4,127,156
FFD,falkenauer_u120,1000,2,299,299,0,106,94
BFD,falkenauer_u120,1000,2,299,299,0,170,156
NF,falkenauer_u120,1000,3,363,352,-11,4,2
FF,falkenauer_u120,1000,3,315,309,-6,82,90
BF,falkenauer_u120,1000,3,314,309,-5,130,162
FFD,falkenauer_u120,1000,3,309,309,0,106,91
BFD,falkenauer_u120,1000,3,309,309,0,175,160
NF,falkenauer_u120,1000,4,360,345,-15,5,3
FF,falkenauer_u120,1000,4,310,304,-6,91,91
BF,falkenauer_u120,1000,4,309,304,-5,128,160
FFD,falkenauer_u120,1000,4,304,304,0,104,90
BFD,falkenauer_u120,1000,4,304,304,0,172,158
NF,falkenauer_u120,1000,5,364,350,-14,5,2
FF,falkenauer_u120,1000,5,313,307,-6,81,90
BF,falkenauer_u120,1000,5,312,307,-5,136,161
FFD,falkenauer_u120,1000,5,307,307,0,105,90
BFD,falkenauer_u120,1000,5,307,307,0,173,160
NF,falkenauer_u120,1000,6,359,345,-14,5,2
FF,falkenauer_u120,1000,6,312,304,-8,81,91
BF,falkenauer_u120,1000,6,310,304,-6,134,159
FFD,falkenauer_u120,1000,6,304,304,0,103,91
BFD,falkenauer_u120,1000,6,304,304,0,171,158
NF,falkenauer_u120,1000,7,352,341,-11,5,3
FF,falkenauer_u120,1000,7,305,300,-5,79,93
BF,falkenauer_u120,1000,7,306,300,-6,132,173
FFD,falkenauer_u120,1000,7,300,300,0,104,90
BFD,falkenauer_u120,1000,7,300,300,0,171,157
NF,falkenauer_u120,1000,8,359,343,-16,5,3
FF,falkenauer_u120,1000,8,309,304,-5,83,94
BF,falkenauer_u120,1000,8,308,304,-4,127,159
FFD,falkenauer_u120,1000,8,304,304,0,104,89
BFD,falkenauer_u120,1000,8,304,304,0,172,159
NF,falkenauer_u120,1000,9,357,343,-14,5,2
FF,falkenauer_u120,1000,9,310,305,-5,79,88
BF,falkenauer_u120,1000,9,310,305,-5,129,157
FFD,falkenauer_u120,1000,9,305,305,0,103,90
BFD,falkenauer_u120,1000,9,305,305,0,171,160
NF,falkenauer_u120,4000,0,1439,1382,-57,18,9
FF,falkenauer_u120,4000,0,1239,1219,-20,1094,1264
BF,falkenauer_u120,4000,0,1238,1219,-19,1902,2374
FFD,falkenauer_u120,4000,0,1219,1219,0,1353,1265
BFD,falkenauer_u120,4000,0,1219,1219,0,2418,2388
NF,falkenauer_u120,4000,1,1437,1380,-57,17,8
FF,falkenauer_u120,4000,1,1241,1219,-22,1136,1266
BF,falkenauer_u120,4000,1,1239,1219,-20,1924,2388
FFD,falkenauer_u120,4000,1,1219,1219,0,1301,1258
BFD,falkenauer_u120,4000,1,1219,1219,0,2417,2383
NF,falkenauer_u120,4000,2,1434,1385,-49,24,10
FF,falkenauer_u120,4000,2,1243,1219,-24,1142,1256
BF,falkenauer_u120,4000,2,1240,1219,-21,1914,2382
FFD,falkenauer_u120,4000,2,1219,1219,0,1339,1257
BFD,falkenauer_u120,4000,2,1219,1219,0,2451,2382
NF,falkenauer_u120,4000,3,1424,1372,-52,17,8
FF,falkenauer_u120,4000,3,1230,1208,-22,1126,1250
BF,falkenauer_u120,4000,3,1228,1208,-20,1854,2357
FFD,falkenauer_u120,4000,3,1208,1208,0,1327,1259
BFD,falkenauer_u120,4000,3,1208,1208,0,2404,2363
NF,falkenauer_u120,4000,4,1439,1386,-53,18,8
FF,falkenauer_u120,4000,4,1239,1218,-21,1122,1259
BF,falkenauer_u120,4000,4,1240,1218,-22,1891,2379
FFD,falkenauer_u120,4000,4,1218,1218,0,1333,1261
BFD,falkenauer_u120,4000,4,1218,1218,0,2416,2413
NF,falkenauer_u120,4000,5,1439,1386,-53,17,8
FF,falkenauer_u120,4000,5,1242,1221,-21,1104,1270
BF,falkenauer_u120,4000,5,1239,1221,-18,1878,2378
FFD,falkenauer_u120,4000,5,1221,1221,0,1322,1273
BFD,falkenauer_u120,4000,5,1221,1221,0,2452,2381
NF,falkenauer_u120,4000,6,1428,1385,-43,17,9
FF,falkenauer_u120,4000,6,1240,1219,-21,1113,1258
BF,falkenauer_u120,4000,6,1239,1219,-20,1858,2399
FFD,falkenauer_u120,4000,6,1219,1219,0,1347,1261
BFD,falkenauer_u120,4000,6,1219,1219,0,2416,2381
NF,falkenauer_u120,4000,7,1427,1370,-57,17,8
FF,falkenauer_u120,4000,7,1226,1205,-21,1121,1253
BF,falkenauer_u120,4000,7,1226,1205,-21,1865,2349
FFD,falkenauer_u120,4000,7,1205,1205,0,1282,1247
BFD,falkenauer_u120,4000,7,1205,1205,0,2427,2410
NF,falkenauer_u120,4000,8,1427,1377,-50,17,12
FF,falkenauer_u120,4000,8,1229,1209,-20,1091,1255
BF,falkenauer_u120,4000,8,1228,1209,-19,1855,2355
FFD,falkenauer_u120,4000,8,1209,1209,0,1290,1252
BFD,falkenauer_u120,4000,8,1209,1209,0,2422,2363
NF,falkenauer_u120,4000,9,1458,1402,-56,18,8
FF,falkenauer_u120,4000,9,1257,1237,-20,1152,1262
BF,falkenauer_u120,4000,9,1257,1237,-20,1919,2453
FFD,falkenauer_u120,4000,9,1237,1237,0,1314,1271
BFD,falkenauer_u120,4000,9,1237,1237,0,2451,2409
NF,falkenauer_u120,16000,0,5750,5534,-216,95,77
FF,falkenauer_u120,16000,0,4955,4872,-83,16950,19512
BF,falkenauer_u120,16000,0,4947,4872,-75,29253,37667
FFD,falkenauer_u120,16000,0,4872,4872,0,19694,19587
BFD,falkenauer_u120,16000,0,4872,4872,0,37839,37769
NF,falkenauer_u120,16000,1,5757,5546,-211,95,73
FF,falkenauer_u120,16000,1,4963,4881,-82,16861,19532
BF,falkenauer_u120,16000,1,4961,4881,-80,29358,37708
FFD,falkenauer_u120,16000,1,4881,4881,0,19582,19494
BFD,falkenauer_u120,16000,1,4881,4881,0,37851,37620
NF,falkenauer_u120,16000,2,5716,5512,-204,95,77
FF,falkenauer_u120,16000,2,4933,4850,-83,16817,19381
BF,falkenauer_u120,16000,2,4931,4850,-81,29141,37590
FFD,falkenauer_u120,16000,2,4850,4850,0,19612,19540
BFD,falkenauer_u120,16000,2,4850,4850,0,37630,37615
NF,falkenauer_u120,16000,3,5751,5540,-211,107,73
FF,falkenauer_u120,16000,3,4952,4870,-82,16937,19398
BF,falkenauer_u120,16000,3,4946,4870,-76,29304,37595
FFD,falkenauer_u120,16000,3,4870,4870,0,19515,19473
BFD,falkenauer_u120,16000,3,4870,4870,0,37747,37691
NF,falkenauer_u120,16000,4,5711,5502,-209,98,69
FF,falkenauer_u120,16000,4,4933,4852,-81,16901,19496
BF,falkenauer_u120,16000,4,4933,4852,-81,29224,37384
FFD,falkenauer_u120,16000,4,4852,4852,0,19671,19559
BFD,falkenauer_u120,16000,4,4852,4852,0,38557,38169
NF,falkenauer_u120,16000,5,5777,5551,-226,96,76
FF,falkenauer_u120,16000,5,4968,4886,-82,17162,20739
BF,falkenauer_u120,16000,5,4963,4886,-77,29428,37619
FFD,falkenauer_u120,16000,5,4886,4886,0,19594,19490
BFD,falkenauer_u120,16000,5,4886,4886,0,37981,38061
NF,falkenauer_u120,16000,6,5733,5523,-210,104,79
FF,falkenauer_u120,16000,6,4945,4862,-83,17425,20365
BF,falkenauer_u120,16000,6,4939,4862,-77,31345,51262
FFD,falkenauer_u120,16000,6,4862,4862,0,19616,19615
BFD,falkenauer_u120,16000,6,4862,4862,0,37878,37566
NF,falkenauer_u120,16000,7,5780,5546,-234,96,72
FF,falkenauer_u120,16000,7,4963,4882,-81,16942,19511
BF,falkenauer_u120,16000,7,4959,4882,-77,30408,38110
FFD,falkenauer_u120,16000,7,4882,4882,0,19774,19689
BFD,falkenauer_u120,16000,7,4882,4882,0,38082,38221
NF,falkenauer_u120,16000,8,5780,5546,-234,105,74
FF,falkenauer_u120,16000,8,4966,4885,-81,17358,19725
BF,falkenauer_u120,16000,8,4965,4885,-80,29940,38056
FFD,falkenauer_u120,16000,8,4885,4885,0,19805,19698
BFD,falkenauer_u120,16000,8,4885,4885,0,42388,38149
NF,falkenauer_u120,16000,9,5785,5558,-227,94,76
FF,falkenauer_u120,16000,9,4971,4889,-82,16984,19591
BF,falkenauer_u120,16000,9,4967,4889,-78,29583,37836
FFD,falkenauer_u120,16000,9,4889,4889,0,19770,19750
BFD,falkenauer_u120,16000,9,4889,4889,0,37837,37704
