familia,n,opt,nf,ff,bf,ffd,bfd
pior_nf_classico,12,6,6,6,6,6,6
pior_nf_classico,20,10,10,10,10,10,10
pior_nf_classico,30,15,15,15,15,15,15
pior_nf_classico,40,20,20,20,20,20,20
pior_nf_classico,50,25,25,25,25,25,25
pior_ff_meio_mais,12,6,8,6,6,6,6
pior_ff_meio_mais,20,10,13,10,10,10,10
pior_ff_meio_mais,30,16,20,16,16,16,16
pior_ff_meio_mais,40,20,27,20,20,20,20
pior_ff_meio_mais,50,26,34,26,26,26,26
pior_3particao,12,5,6,5,5,5,5
pior_3particao,20,8,10,9,9,8,8
pior_3particao,30,12,15,13,13,12,12
pior_3particao,40,15,20,17,17,15,15
pior_3particao,50,19,25,21,21,19,19
melhor_perfeito,12,6,6,6,6,6,6
melhor_perfeito,20,10,10,10,10,10,10
melhor_perfeito,30,15,15,15,15,15,15
melhor_perfeito,40,20,20,20,20,20,20
melhor_perfeito,50,25,25,25,25,25,25
