algoritmo,distribuicao,n,rep,bins,lower_bound,razao_vs_lb,tempo_us,tempo_bins_us,soma_tamanhos
NF,uniforme_continua,1000,0,688,532,1.293233,14,6,515.1039414343257
FF,uniforme_continua,1000,0,552,532,1.037594,231,205,515.1039414343257
BF,uniforme_continua,1000,0,544,532,1.022556,479,483,515.1039414343257
FFD,uniforme_continua,1000,0,535,532,1.005639,296,258,515.1039414343257
BFD,uniforme_continua,1000,0,535,532,1.005639,662,674,515.1039414343257
NF,uniforme_continua,1000,1,653,496,1.316532,11,6,493.89794241502454
FF,uniforme_continua,1000,1,522,496,1.052419,210,187,493.89794241502454
BF,uniforme_continua,1000,1,516,496,1.040323,424,445,493.89794241502454
FFD,uniforme_continua,1000,1,498,496,1.004032,235,181,493.89794241502454
BFD,uniforme_continua,1000,1,498,496,1.004032,414,430,493.89794241502454
NF,uniforme_continua,1000,2,657,508,1.293307,8,4,497.0356199953388
FF,uniforme_continua,1000,2,527,508,1.037402,118,120,497.0356199953388
BF,uniforme_continua,1000,2,517,508,1.017717,239,285,497.0356199953388
FFD,uniforme_continua,1000,2,508,508,1.000000,143,155,497.0356199953388
BFD,uniforme_continua,1000,2,508,508,1.000000,311,400,497.0356199953388
NF,uniforme_continua,1000,3,678,513,1.321637,7,3,506.0732154825846
FF,uniforme_continua,1000,3,533,513,1.038986,116,110,506.0732154825846
BF,uniforme_continua,1000,3,528,513,1.029240,229,285,506.0732154825846
FFD,uniforme_continua,1000,3,514,513,1.001949,152,181,506.0732154825846
BFD,uniforme_continua,1000,3,514,513,1.001949,375,401,506.0732154825846
NF,uniforme_continua,1000,4,671,513,1.307992,7,3,500.3201337214699
FF,uniforme_continua,1000,4,530,513,1.033138,113,115,500.3201337214699
BF,uniforme_continua,1000,4,522,513,1.017544,226,281,500.3201337214699
FFD,uniforme_continua,1000,4,513,513,1.000000,146,151,500.3201337214699
BFD,uniforme_continua,1000,4,513,513,1.000000,306,386,500.3201337214699
NF,uniforme_continua,1000,5,668,506,1.320158,7,3,500.57807593860593
FF,uniforme_continua,1000,5,528,506,1.043478,112,107,500.57807593860593
BF,uniforme_continua,1000,5,520,506,1.027668,214,273,500.57807593860593
FFD,uniforme_continua,1000,5,508,506,1.003953,140,149,500.57807593860593
BFD,uniforme_continua,1000,5,508,506,1.003953,348,405,500.57807593860593
NF,uniforme_continua,1000,6,645,492,1.310976,8,3,486.30224802356514
FF,uniforme_continua,1000,6,510,492,1.036585,113,111,486.30224802356514
BF,uniforme_continua,1000,6,505,492,1.026423,212,272,486.30224802356514
FFD,uniforme_continua,1000,6,492,492,1.000000,141,150,486.30224802356514
BFD,uniforme_continua,1000,6,492,492,1.000000,309,385,486.30224802356514
NF,uniforme_continua,1000,7,654,490,1.334694,7,3,488.40859527358117
FF,uniforme_continua,1000,7,517,490,1.055102,109,117,488.40859527358117
BF,uniforme_continua,1000,7,510,490,1.040816,209,270,488.40859527358117
FFD,uniforme_continua,1000,7,493,490,1.006122,142,136,488.40859527358117
BFD,uniforme_continua,1000,7,493,490,1.006122,301,386,488.40859527358117
NF,uniforme_continua,1000,8,660,492,1.341463,7,3,490.0654613520495
FF,uniforme_continua,1000,8,522,492,1.060976,112,203,490.0654613520495
BF,uniforme_continua,1000,8,517,492,1.050813,383,370,490.0654613520495
FFD,uniforme_continua,1000,8,494,492,1.004065,141,149,490.0654613520495
BFD,uniforme_continua,1000,8,494,492,1.004065,323,391,490.0654613520495
NF,uniforme_continua,1000,9,668,505,1.322772,6,3,501.09065390210753
FF,uniforme_continua,1000,9,527,505,1.043564,112,117,501.09065390210753
BF,uniforme_continua,1000,9,519,505,1.027723,212,275,501.09065390210753
FFD,uniforme_continua,1000,9,508,505,1.005941,140,150,501.09065390210753
BFD,uniforme_continua,1000,9,508,505,1.005941,344,394,501.09065390210753
NF,uniforme_continua,2000,0,1323,1001,1.321678,29,7,993.8623284497091
FF,uniforme_continua,2000,0,1036,1001,1.034965,405,446,993.8623284497091
BF,uniforme_continua,2000,0,1022,1001,1.020979,796,1056,993.8623284497091
FFD,uniforme_continua,2000,0,1004,1001,1.002997,499,563,993.8623284497091
BFD,uniforme_continua,2000,0,1004,1001,1.002997,1152,1523,993.8623284497091
NF,uniforme_continua,2000,1,1357,1041,1.303554,25,15,1016.9487615325057
FF,uniforme_continua,2000,1,1074,1041,1.031700,570,485,1016.9487615325057
BF,uniforme_continua,2000,1,1062,1041,1.020173,1153,1842,1016.9487615325057
FFD,uniforme_continua,2000,1,1042,1041,1.000961,573,584,1016.9487615325057
BFD,uniforme_continua,2000,1,1042,1041,1.000961,1187,1575,1016.9487615325057
NF,uniforme_continua,2000,2,1336,1006,1.328032,14,7,1000.5302027899269
FF,uniforme_continua,2000,2,1054,1006,1.047714,405,452,1000.5302027899269
BF,uniforme_continua,2000,2,1044,1006,1.037773,807,1062,1000.5302027899269
FFD,uniforme_continua,2000,2,1009,1006,1.002982,507,556,1000.5302027899269
BFD,uniforme_continua,2000,2,1009,1006,1.002982,1159,1522,1000.5302027899269
NF,uniforme_continua,2000,3,1369,1026,1.334308,30,6,1014.8134169705759
FF,uniforme_continua,2000,3,1062,1026,1.035088,415,455,1014.8134169705759
BF,uniforme_continua,2000,3,1053,1026,1.026316,837,1140,1014.8134169705759
FFD,uniforme_continua,2000,3,1027,1026,1.000975,543,578,1014.8134169705759
BFD,uniforme_continua,2000,3,1027,1026,1.000975,1216,1589,1014.8134169705759
NF,uniforme_continua,2000,4,1380,1047,1.318052,12,6,1024.940831894415
FF,uniforme_continua,2000,4,1082,1047,1.033429,427,432,1024.940831894415
BF,uniforme_continua,2000,4,1071,1047,1.022923,824,1091,1024.940831894415
FFD,uniforme_continua,2000,4,1047,1047,1.000000,582,571,1024.940831894415
BFD,uniforme_continua,2000,4,1047,1047,1.000000,1221,1587,1024.940831894415
NF,uniforme_continua,2000,5,1341,1012,1.325099,13,7,1006.0203561699208
FF,uniforme_continua,2000,5,1048,1012,1.035573,424,439,1006.0203561699208
BF,uniforme_continua,2000,5,1036,1012,1.023715,821,1082,1006.0203561699208
FFD,uniforme_continua,2000,5,1016,1012,1.003953,500,501,1006.0203561699208
BFD,uniforme_continua,2000,5,1016,1012,1.003953,1304,1562,1006.0203561699208
NF,uniforme_continua,2000,6,1294,973,1.329908,15,7,972.0521762730317
FF,uniforme_continua,2000,6,1006,973,1.033916,421,420,972.0521762730317
BF,uniforme_continua,2000,6,996,973,1.023638,769,1047,972.0521762730317
FFD,uniforme_continua,2000,6,975,973,1.002055,490,537,972.0521762730317
BFD,uniforme_continua,2000,6,975,973,1.002055,1146,1526,972.0521762730317
NF,uniforme_continua,2000,7,1326,999,1.327327,14,7,994.1552533978877
FF,uniforme_continua,2000,7,1034,999,1.035035,426,456,994.1552533978877
BF,uniforme_continua,2000,7,1023,999,1.024024,873,1105,994.1552533978877
FFD,uniforme_continua,2000,7,1003,999,1.004004,504,497,994.1552533978877
BFD,uniforme_continua,2000,7,1003,999,1.004004,1146,1535,994.1552533978877
NF,uniforme_continua,2000,8,1311,992,1.321573,13,7,987.2708040715386
FF,uniforme_continua,2000,8,1031,992,1.039315,416,427,987.2708040715386
BF,uniforme_continua,2000,8,1016,992,1.024194,803,1063,987.2708040715386
FFD,uniforme_continua,2000,8,995,992,1.003024,493,519,987.2708040715386
BFD,uniforme_continua,2000,8,995,992,1.003024,1202,1586,987.2708040715386
NF,uniforme_continua,2000,9,1276,965,1.322280,16,8,964.4541097291351
FF,uniforme_continua,2000,9,1007,965,1.043523,423,426,964.4541097291351
BF,uniforme_continua,2000,9,995,965,1.031088,829,1073,964.4541097291351
FFD,uniforme_continua,2000,9,968,965,1.003109,491,542,964.4541097291351
BFD,uniforme_continua,2000,9,968,965,1.003109,1146,1488,964.4541097291351
NF,uniforme_continua,4000,0,2680,2056,1.303502,55,14,2013.9748793673587
FF,uniforme_continua,4000,0,2108,2056,1.025292,1683,1679,2013.9748793673587
BF,uniforme_continua,4000,0,2086,2056,1.014591,3221,4345,2013.9748793673587
FFD,uniforme_continua,4000,0,2056,2056,1.000000,2064,2216,2013.9748793673587
BFD,uniforme_continua,4000,0,2056,2056,1.000000,4809,6294,2013.9748793673587
NF,uniforme_continua,4000,1,2657,1996,1.331162,28,15,1988.5875202547886
FF,uniforme_continua,4000,1,2053,1996,1.028557,1672,1726,1988.5875202547886
BF,uniforme_continua,4000,1,2029,1996,1.016533,3149,4386,1988.5875202547886
FFD,uniforme_continua,4000,1,1996,1996,1.000000,2085,1973,1988.5875202547886
BFD,uniforme_continua,4000,1,1996,1996,1.000000,4582,5998,1988.5875202547886
NF,uniforme_continua,4000,2,2660,1997,1.331998,26,14,1991.4516652575842
FF,uniforme_continua,4000,2,2053,1997,1.028042,1661,1679,1991.4516652575842
BF,uniforme_continua,4000,2,2036,1997,1.019529,3157,4314,1991.4516652575842
FFD,uniforme_continua,4000,2,2006,1997,1.004507,1868,1936,1991.4516652575842
BFD,uniforme_continua,4000,2,2006,1997,1.004507,4544,6025,1991.4516652575842
NF,uniforme_continua,4000,3,2660,2007,1.325361,28,15,1986.6916357711382
FF,uniforme_continua,4000,3,2060,2007,1.026408,1761,2507,1986.6916357711382
BF,uniforme_continua,4000,3,2033,2007,1.012955,3544,4191,1986.6916357711382
FFD,uniforme_continua,4000,3,2008,2007,1.000498,1889,2085,1986.6916357711382
BFD,uniforme_continua,4000,3,2008,2007,1.000498,4639,6354,1986.6916357711382
NF,uniforme_continua,4000,4,2674,2034,1.314651,38,18,2002.7179670311177
FF,uniforme_continua,4000,4,2089,2034,1.027040,2588,2130,2002.7179670311177
BF,uniforme_continua,4000,4,2072,2034,1.018682,3885,4421,2002.7179670311177
FFD,uniforme_continua,4000,4,2034,2034,1.000000,2217,2064,2002.7179670311177
BFD,uniforme_continua,4000,4,2034,2034,1.000000,5317,6674,2002.7179670311177
NF,uniforme_continua,4000,5,2624,1991,1.317931,37,15,1985.6435590771896
FF,uniforme_continua,4000,5,2056,1991,1.032647,1709,1924,1985.6435590771896
BF,uniforme_continua,4000,5,2034,1991,1.021597,3273,4287,1985.6435590771896
FFD,uniforme_continua,4000,5,1997,1991,1.003014,1881,2134,1985.6435590771896
BFD,uniforme_continua,4000,5,1997,1991,1.003014,4530,6077,1985.6435590771896
NF,uniforme_continua,4000,6,2620,1989,1.317245,27,13,1972.1158815082963
FF,uniforme_continua,4000,6,2049,1989,1.030166,1855,1645,1972.1158815082963
BF,uniforme_continua,4000,6,2033,1989,1.022122,3148,4280,1972.1158815082963
FFD,uniforme_continua,4000,6,1989,1989,1.000000,1937,2098,1972.1158815082963
BFD,uniforme_continua,4000,6,1989,1989,1.000000,4715,5967,1972.1158815082963
NF,uniforme_continua,4000,7,2642,1987,1.329643,26,14,1979.1877840947905
FF,uniforme_continua,4000,7,2057,1987,1.035229,1593,1709,1979.1877840947905
BF,uniforme_continua,4000,7,2038,1987,1.025667,3054,4172,1979.1877840947905
FFD,uniforme_continua,4000,7,1988,1987,1.000503,1891,2074,1979.1877840947905
BFD,uniforme_continua,4000,7,1988,1987,1.000503,4457,5941,1979.1877840947905
NF,uniforme_continua,4000,8,2673,2013,1.327869,22,14,1994.7576518031221
FF,uniforme_continua,4000,8,2060,2013,1.023348,1643,1654,1994.7576518031221
BF,uniforme_continua,4000,8,2027,2013,1.006955,3167,4274,1994.7576518031221
FFD,uniforme_continua,4000,8,2014,2013,1.000497,1824,1989,1994.7576518031221
BFD,uniforme_continua,4000,8,2014,2013,1.000497,4452,5951,1994.7576518031221
NF,uniforme_continua,4000,9,2729,2064,1.322190,24,14,2035.348693045577
FF,uniforme_continua,4000,9,2120,2064,1.027132,1666,1654,2035.348693045577
BF,uniforme_continua,4000,9,2095,2064,1.015019,3144,4262,2035.348693045577
FFD,uniforme_continua,4000,9,2067,2064,1.001453,1876,2083,2035.348693045577
BFD,uniforme_continua,4000,9,2067,2064,1.001453,4542,6059,2035.348693045577
NF,uniforme_continua,8000,0,5412,4076,1.327772,79,30,4047.280282281923
FF,uniforme_continua,8000,0,4176,4076,1.024534,6406,6595,4047.280282281923
BF,uniforme_continua,8000,0,4137,4076,1.014966,12419,17142,4047.280282281923
FFD,uniforme_continua,8000,0,4083,4076,1.001717,7263,7986,4047.280282281923
BFD,uniforme_continua,8000,0,4083,4076,1.001717,18217,24149,4047.280282281923
NF,uniforme_continua,8000,1,5281,3987,1.324555,65,30,3981.8054429482354
FF,uniforme_continua,8000,1,4094,3987,1.026837,6360,6567,3981.8054429482354
BF,uniforme_continua,8000,1,4052,3987,1.016303,11967,16680,3981.8054429482354
FFD,uniforme_continua,8000,1,3997,3987,1.002508,7072,7927,3981.8054429482354
BFD,uniforme_continua,8000,1,3997,3987,1.002508,17824,24036,3981.8054429482354
NF,uniforme_continua,8000,2,5379,4073,1.320648,76,38,4046.241033673068
FF,uniforme_continua,8000,2,4183,4073,1.027007,6444,6617,4046.241033673068
BF,uniforme_continua,8000,2,4143,4073,1.017186,12288,16856,4046.241033673068
FFD,uniforme_continua,8000,2,4077,4073,1.000982,7238,8043,4046.241033673068
BFD,uniforme_continua,8000,2,4077,4073,1.000982,18021,24005,4046.241033673068
NF,uniforme_continua,8000,3,5291,4017,1.317152,66,29,3982.308845893995
FF,uniforme_continua,8000,3,4115,4017,1.024396,6322,6414,3982.308845893995
BF,uniforme_continua,8000,3,4071,4017,1.013443,12055,16723,3982.308845893995
FFD,uniforme_continua,8000,3,4018,4017,1.000249,7071,7837,3982.308845893995
BFD,uniforme_continua,8000,3,4018,4017,1.000249,17835,23880,3982.308845893995
NF,uniforme_continua,8000,4,5297,3971,1.333921,63,27,3968.882845386953
FF,uniforme_continua,8000,4,4085,3971,1.028708,6320,6577,3968.882845386953
BF,uniforme_continua,8000,4,4042,3971,1.017880,11919,16705,3968.882845386953
FFD,uniforme_continua,8000,4,3978,3971,1.001763,7096,7940,3968.882845386953
BFD,uniforme_continua,8000,4,3977,3971,1.001511,17475,23655,3968.882845386953
NF,uniforme_continua,8000,5,5365,4058,1.322080,59,28,4015.594671753752
FF,uniforme_continua,8000,5,4152,4058,1.023164,6262,6567,4015.594671753752
BF,uniforme_continua,8000,5,4099,4058,1.010103,12321,16862,4015.594671753752
FFD,uniforme_continua,8000,5,4060,4058,1.000493,7145,7968,4015.594671753752
BFD,uniforme_continua,8000,5,4060,4058,1.000493,17817,23842,4015.594671753752
NF,uniforme_continua,8000,6,5319,4018,1.323793,97,31,4003.8460966562407
FF,uniforme_continua,8000,6,4124,4018,1.026381,6440,6523,4003.8460966562407
BF,uniforme_continua,8000,6,4084,4018,1.016426,12014,16873,4003.8460966562407
FFD,uniforme_continua,8000,6,4026,4018,1.001991,7165,8006,4003.8460966562407
BFD,uniforme_continua,8000,6,4026,4018,1.001991,17833,23933,4003.8460966562407
NF,uniforme_continua,8000,7,5292,3965,1.334678,60,28,3959.2826871189122
FF,uniforme_continua,8000,7,4077,3965,1.028247,6224,6434,3959.2826871189122
BF,uniforme_continua,8000,7,4039,3965,1.018663,11888,16580,3959.2826871189122
FFD,uniforme_continua,8000,7,3973,3965,1.002018,7082,7677,3959.2826871189122
BFD,uniforme_continua,8000,7,3973,3965,1.002018,17534,23647,3959.2826871189122
NF,uniforme_continua,8000,8,5367,4068,1.319322,60,26,4033.7291064821547
FF,uniforme_continua,8000,8,4152,4068,1.020649,6387,6742,4033.7291064821547
BF,uniforme_continua,8000,8,4103,4068,1.008604,12407,17082,4033.7291064821547
FFD,uniforme_continua,8000,8,4068,4068,1.000000,7163,7963,4033.7291064821547
BFD,uniforme_continua,8000,8,4068,4068,1.000000,17892,24131,4033.7291064821547
NF,uniforme_continua,8000,9,5359,4090,1.310269,58,28,4030.9933424709716
FF,uniforme_continua,8000,9,4173,4090,1.020293,6405,6499,4030.9933424709716
BF,uniforme_continua,8000,9,4124,4090,1.008313,12153,16900,4030.9933424709716
FFD,uniforme_continua,8000,9,4090,4090,1.000000,7383,7768,4030.9933424709716
BFD,uniforme_continua,8000,9,4090,4090,1.000000,18024,24036,4030.9933424709716
NF,uniforme_continua,16000,0,10638,7993,1.330915,184,55,7964.91254720472
FF,uniforme_continua,16000,0,8154,7993,1.020143,25122,25645,7964.91254720472
BF,uniforme_continua,16000,0,8070,7993,1.009633,47677,66686,7964.91254720472
FFD,uniforme_continua,16000,0,8000,7993,1.000876,27177,30119,7964.91254720472
BFD,uniforme_continua,16000,0,8000,7993,1.000876,69743,94016,7964.91254720472
NF,uniforme_continua,16000,1,10647,8032,1.325573,210,57,8006.09363326384
FF,uniforme_continua,16000,1,8208,8032,1.021912,25502,26434,8006.09363326384
BF,uniforme_continua,16000,1,8114,8032,1.010209,47480,66566,8006.09363326384
FFD,uniforme_continua,16000,1,8040,8032,1.000996,27377,30553,8006.09363326384
BFD,uniforme_continua,16000,1,8040,8032,1.000996,70081,94458,8006.09363326384
NF,uniforme_continua,16000,2,10596,7982,1.327487,155,55,7957.463776698514
FF,uniforme_continua,16000,2,8173,7982,1.023929,24886,25733,7957.463776698514
BF,uniforme_continua,16000,2,8109,7982,1.015911,47374,71743,7957.463776698514
FFD,uniforme_continua,16000,2,7992,7982,1.001253,27830,30620,7957.463776698514
BFD,uniforme_continua,16000,2,7992,7982,1.001253,70342,94670,7957.463776698514
NF,uniforme_continua,16000,3,10681,8017,1.332294,157,51,7992.02013463612
FF,uniforme_continua,16000,3,8190,8017,1.021579,25406,26177,7992.02013463612
BF,uniforme_continua,16000,3,8100,8017,1.010353,47930,66749,7992.02013463612
FFD,uniforme_continua,16000,3,8027,8017,1.001247,27774,30574,7992.02013463612
BFD,uniforme_continua,16000,3,8027,8017,1.001247,70447,94366,7992.02013463612
NF,uniforme_continua,16000,4,10618,7993,1.328412,145,58,7979.708497981755
FF,uniforme_continua,16000,4,8170,7993,1.022144,25347,25985,7979.708497981755
BF,uniforme_continua,16000,4,8085,7993,1.011510,47607,66848,7979.708497981755
FFD,uniforme_continua,16000,4,8000,7993,1.000876,27457,30161,7979.708497981755
BFD,uniforme_continua,16000,4,8000,7993,1.000876,69765,94226,7979.708497981755
NF,uniforme_continua,16000,5,10615,7990,1.328536,140,55,7984.114729757194
FF,uniforme_continua,16000,5,8176,7990,1.023279,25217,26022,7984.114729757194
BF,uniforme_continua,16000,5,8098,7990,1.013517,47343,66657,7984.114729757194
FFD,uniforme_continua,16000,5,8000,7990,1.001252,27588,30454,7984.114729757194
BFD,uniforme_continua,16000,5,8000,7990,1.001252,69977,94492,7984.114729757194
NF,uniforme_continua,16000,6,10723,8093,1.324972,140,54,8037.263788867439
FF,uniforme_continua,16000,6,8247,8093,1.019029,25314,26420,8037.263788867439
BF,uniforme_continua,16000,6,8162,8093,1.008526,47714,67005,8037.263788867439
FFD,uniforme_continua,16000,6,8093,8093,1.000000,27751,30840,8037.263788867439
BFD,uniforme_continua,16000,6,8093,8093,1.000000,69954,94600,8037.263788867439
NF,uniforme_continua,16000,7,10764,8110,1.327250,182,56,8058.244459739987
FF,uniforme_continua,16000,7,8276,8110,1.020469,25414,25822,8058.244459739987
BF,uniforme_continua,16000,7,8186,8110,1.009371,47970,66885,8058.244459739987
FFD,uniforme_continua,16000,7,8122,8110,1.001480,27855,32662,8058.244459739987
BFD,uniforme_continua,16000,7,8122,8110,1.001480,74875,95630,8058.244459739987
NF,uniforme_continua,16000,8,10782,8181,1.317932,162,51,8092.614004366999
FF,uniforme_continua,16000,8,8328,8181,1.017968,25657,26550,8092.614004366999
BF,uniforme_continua,16000,8,8259,8181,1.009534,49459,68000,8092.614004366999
FFD,uniforme_continua,16000,8,8181,8181,1.000000,28390,31168,8092.614004366999
BFD,uniforme_continua,16000,8,8181,8181,1.000000,71937,95683,8092.614004366999
NF,uniforme_continua,16000,9,10707,8029,1.333541,149,53,8002.988469719263
FF,uniforme_continua,16000,9,8199,8029,1.021173,25354,26146,8002.988469719263
BF,uniforme_continua,16000,9,8118,8029,1.011085,47976,67231,8002.988469719263
FFD,uniforme_continua,16000,9,8032,8029,1.000374,27666,30722,8002.988469719263
BFD,uniforme_continua,16000,9,8032,8029,1.000374,70492,95243,8002.988469719263
NF,uniforme_discreta_100,1000,0,670,510,1.313725,7,3,506.8499999999995
FF,uniforme_discreta_100,1000,0,530,510,1.039216,113,115,506.8499999999995
BF,uniforme_discreta_100,1000,0,521,510,1.021569,216,277,506.8499999999995
FFD,uniforme_discreta_100,1000,0,513,510,1.005882,146,149,506.8499999999995
BFD,uniforme_discreta_100,1000,0,513,510,1.005882,306,390,506.8499999999995
NF,uniforme_discreta_100,1000,1,656,499,1.314629,7,3,497.93000000000006
FF,uniforme_discreta_100,1000,1,523,499,1.048096,111,106,497.93000000000006
BF,uniforme_discreta_100,1000,1,516,499,1.034068,205,269,497.93000000000006
FFD,uniforme_discreta_100,1000,1,501,499,1.004008,145,147,497.93000000000006
BFD,uniforme_discreta_100,1000,1,501,499,1.004008,300,381,497.93000000000006
NF,uniforme_discreta_100,1000,2,666,506,1.316206,7,3,498.8899999999997
FF,uniforme_discreta_100,1000,2,526,506,1.039526,111,114,498.8899999999997
BF,uniforme_discreta_100,1000,2,517,506,1.021739,213,276,498.8899999999997
FFD,uniforme_discreta_100,1000,2,506,506,1.000000,139,146,498.8899999999997
BFD,uniforme_discreta_100,1000,2,506,506,1.000000,299,379,498.8899999999997
NF,uniforme_discreta_100,1000,3,680,526,1.292776,6,3,510.9799999999992
FF,uniforme_discreta_100,1000,3,542,526,1.030418,112,114,510.9799999999992
BF,uniforme_discreta_100,1000,3,538,526,1.022814,222,283,510.9799999999992
FFD,uniforme_discreta_100,1000,3,526,526,1.000000,141,149,510.9799999999992
BFD,uniforme_discreta_100,1000,3,526,526,1.000000,308,391,510.9799999999992
NF,uniforme_discreta_100,1000,4,685,522,1.312261,6,3,516.9000000000005
FF,uniforme_discreta_100,1000,4,542,522,1.038314,118,118,516.9000000000005
BF,uniforme_discreta_100,1000,4,537,522,1.028736,216,277,516.9000000000005
FFD,uniforme_discreta_100,1000,4,523,522,1.001916,144,152,516.9000000000005
BFD,uniforme_discreta_100,1000,4,523,522,1.001916,306,387,516.9000000000005
NF,uniforme_discreta_100,1000,5,681,510,1.335294,6,3,505.14000000000044
FF,uniforme_discreta_100,1000,5,535,510,1.049020,111,108,505.14000000000044
BF,uniforme_discreta_100,1000,5,529,510,1.037255,220,277,505.14000000000044
FFD,uniforme_discreta_100,1000,5,511,510,1.001961,142,150,505.14000000000044
BFD,uniforme_discreta_100,1000,5,511,510,1.001961,310,389,505.14000000000044
NF,uniforme_discreta_100,1000,6,662,504,1.313492,6,3,493.5499999999994
FF,uniforme_discreta_100,1000,6,521,504,1.033730,113,105,493.5499999999994
BF,uniforme_discreta_100,1000,6,512,504,1.015873,213,274,493.5499999999994
FFD,uniforme_discreta_100,1000,6,504,504,1.000000,136,131,493.5499999999994
BFD,uniforme_discreta_100,1000,6,504,504,1.000000,385,382,493.5499999999994
NF,uniforme_discreta_100,1000,7,655,498,1.315261,6,3,496.25999999999914
FF,uniforme_discreta_100,1000,7,522,498,1.048193,115,106,496.25999999999914
BF,uniforme_discreta_100,1000,7,516,498,1.036145,207,269,496.25999999999914
FFD,uniforme_discreta_100,1000,7,500,498,1.004016,139,145,496.25999999999914
BFD,uniforme_discreta_100,1000,7,500,498,1.004016,299,382,496.25999999999914
NF,uniforme_discreta_100,1000,8,678,521,1.301344,6,3,512.4200000000003
FF,uniforme_discreta_100,1000,8,540,521,1.036468,113,115,512.4200000000003
BF,uniforme_discreta_100,1000,8,532,521,1.021113,224,276,512.4200000000003
FFD,uniforme_discreta_100,1000,8,521,521,1.000000,143,151,512.4200000000003
BFD,uniforme_discreta_100,1000,8,521,521,1.000000,304,389,512.4200000000003
NF,uniforme_discreta_100,1000,9,667,506,1.318182,7,3,504.8500000000006
FF,uniforme_discreta_100,1000,9,531,506,1.049407,113,117,504.8500000000006
BF,uniforme_discreta_100,1000,9,524,506,1.035573,212,274,504.8500000000006
FFD,uniforme_discreta_100,1000,9,508,506,1.003953,144,148,504.8500000000006
BFD,uniforme_discreta_100,1000,9,508,506,1.003953,299,382,504.8500000000006
NF,uniforme_discreta_100,2000,0,1357,1023,1.326491,13,6,1012.2500000000014
FF,uniforme_discreta_100,2000,0,1058,1023,1.034213,413,441,1012.2500000000014
BF,uniforme_discreta_100,2000,0,1041,1023,1.017595,803,1065,1012.2500000000014
FFD,uniforme_discreta_100,2000,0,1023,1023,1.000000,486,572,1012.2500000000014
BFD,uniforme_discreta_100,2000,0,1023,1023,1.000000,1171,1511,1012.2500000000014
NF,uniforme_discreta_100,2000,1,1336,1013,1.318855,12,6,1004.0899999999996
FF,uniforme_discreta_100,2000,1,1047,1013,1.033564,433,420,1004.0899999999996
BF,uniforme_discreta_100,2000,1,1035,1013,1.021718,810,1073,1004.0899999999996
FFD,uniforme_discreta_100,2000,1,1014,1013,1.000987,490,467,1004.0899999999996
BFD,uniforme_discreta_100,2000,1,1014,1013,1.000987,1137,1509,1004.0899999999996
NF,uniforme_discreta_100,2000,2,1331,1015,1.311330,12,6,1008.1899999999987
FF,uniforme_discreta_100,2000,2,1053,1015,1.037438,415,440,1008.1899999999987
BF,uniforme_discreta_100,2000,2,1047,1015,1.031527,827,1050,1008.1899999999987
FFD,uniforme_discreta_100,2000,2,1018,1015,1.002956,476,479,1008.1899999999987
BFD,uniforme_discreta_100,2000,2,1018,1015,1.002956,1142,1516,1008.1899999999987
NF,uniforme_discreta_100,2000,3,1341,1016,1.319882,12,6,1010.4100000000005
FF,uniforme_discreta_100,2000,3,1056,1016,1.039370,417,439,1010.4100000000005
BF,uniforme_discreta_100,2000,3,1046,1016,1.029528,812,1085,1010.4100000000005
FFD,uniforme_discreta_100,2000,3,1017,1016,1.000984,488,538,1010.4100000000005
BFD,uniforme_discreta_100,2000,3,1017,1016,1.000984,1156,1538,1010.4100000000005
NF,uniforme_discreta_100,2000,4,1352,1034,1.307544,12,6,1022.839999999999
FF,uniforme_discreta_100,2000,4,1071,1034,1.035783,431,407,1022.839999999999
BF,uniforme_discreta_100,2000,4,1059,1034,1.024178,798,1066,1022.839999999999
FFD,uniforme_discreta_100,2000,4,1034,1034,1.000000,513,548,1022.839999999999
BFD,uniforme_discreta_100,2000,4,1034,1034,1.000000,1161,1512,1022.839999999999
NF,uniforme_discreta_100,2000,5,1343,1028,1.306420,12,6,1018.9700000000012
FF,uniforme_discreta_100,2000,5,1058,1028,1.029183,422,441,1018.9700000000012
BF,uniforme_discreta_100,2000,5,1047,1028,1.018482,818,1096,1018.9700000000012
FFD,uniforme_discreta_100,2000,5,1032,1028,1.003891,550,535,1018.9700000000012
BFD,uniforme_discreta_100,2000,5,1032,1028,1.003891,1149,1510,1018.9700000000012
NF,uniforme_discreta_100,2000,6,1321,992,1.331653,12,6,991.6800000000018
FF,uniforme_discreta_100,2000,6,1032,992,1.040323,408,402,991.6800000000018
BF,uniforme_discreta_100,2000,6,1020,992,1.028226,778,1052,991.6800000000018
FFD,uniforme_discreta_100,2000,6,994,992,1.002016,494,529,991.6800000000018
BFD,uniforme_discreta_100,2000,6,994,992,1.002016,1125,1477,991.6800000000018
NF,uniforme_discreta_100,2000,7,1377,1043,1.320230,12,6,1029.3100000000002
FF,uniforme_discreta_100,2000,7,1075,1043,1.030681,420,447,1029.3100000000002
BF,uniforme_discreta_100,2000,7,1061,1043,1.017258,837,1092,1029.3100000000002
FFD,uniforme_discreta_100,2000,7,1043,1043,1.000000,501,496,1029.3100000000002
BFD,uniforme_discreta_100,2000,7,1043,1043,1.000000,1172,1519,1029.3100000000002
NF,uniforme_discreta_100,2000,8,1344,1024,1.312500,12,6,1015.4100000000017
FF,uniforme_discreta_100,2000,8,1059,1024,1.034180,432,443,1015.4100000000017
BF,uniforme_discreta_100,2000,8,1047,1024,1.022461,820,1076,1015.4100000000017
FFD,uniforme_discreta_100,2000,8,1026,1024,1.001953,495,481,1015.4100000000017
BFD,uniforme_discreta_100,2000,8,1026,1024,1.001953,1177,1505,1015.4100000000017
NF,uniforme_discreta_100,2000,9,1310,987,1.327254,12,6,985.9800000000001
FF,uniforme_discreta_100,2000,9,1026,987,1.039514,402,426,985.9800000000001
BF,uniforme_discreta_100,2000,9,1013,987,1.026342,775,1042,985.9800000000001
FFD,uniforme_discreta_100,2000,9,988,987,1.001013,485,479,985.9800000000001
BFD,uniforme_discreta_100,2000,9,988,987,1.001013,1122,1479,985.9800000000001
NF,uniforme_discreta_100,4000,0,2698,2091,1.290292,24,13,2053.250000000002
FF,uniforme_discreta_100,4000,0,2138,2091,1.022477,1675,1759,2053.250000000002
BF,uniforme_discreta_100,4000,0,2121,2091,1.014347,3154,4258,2053.250000000002
FFD,uniforme_discreta_100,4000,0,2091,2091,1.000000,1957,2111,2053.250000000002
BFD,uniforme_discreta_100,4000,0,2091,2091,1.000000,4531,6024,2053.250000000002
NF,uniforme_discreta_100,4000,1,2711,2057,1.317939,22,13,2035.3000000000009
FF,uniforme_discreta_100,4000,1,2103,2057,1.022363,1669,1721,2035.3000000000009
BF,uniforme_discreta_100,4000,1,2078,2057,1.010209,3120,4255,2035.3000000000009
FFD,uniforme_discreta_100,4000,1,2057,2057,1.000000,1867,2047,2035.3000000000009
BFD,uniforme_discreta_100,4000,1,2057,2057,1.000000,4707,5980,2035.3000000000009
NF,uniforme_discreta_100,4000,2,2679,2027,1.321658,22,13,2019.4500000000019
FF,uniforme_discreta_100,4000,2,2081,2027,1.026640,1652,1750,2019.4500000000019
BF,uniforme_discreta_100,4000,2,2060,2027,1.016280,3095,4313,2019.4500000000019
FFD,uniforme_discreta_100,4000,2,2032,2027,1.002467,1798,2043,2019.4500000000019
BFD,uniforme_discreta_100,4000,2,2032,2027,1.002467,4481,5958,2019.4500000000019
NF,uniforme_discreta_100,4000,3,2683,2051,1.308142,23,13,2020.029999999997
FF,uniforme_discreta_100,4000,3,2108,2051,1.027791,1628,1660,2020.029999999997
BF,uniforme_discreta_100,4000,3,2087,2051,1.017552,3106,4221,2020.029999999997
FFD,uniforme_discreta_100,4000,3,2051,2051,1.000000,1801,2027,2020.029999999997
BFD,uniforme_discreta_100,4000,3,2051,2051,1.000000,4473,6014,2020.029999999997
NF,uniforme_discreta_100,4000,4,2683,2045,1.311980,23,13,2025.9399999999976
FF,uniforme_discreta_100,4000,4,2101,2045,1.027384,1649,1704,2025.9399999999976
BF,uniforme_discreta_100,4000,4,2083,2045,1.018582,3086,4215,2025.9399999999976
FFD,uniforme_discreta_100,4000,4,2045,2045,1.000000,1890,2061,2025.9399999999976
BFD,uniforme_discreta_100,4000,4,2045,2045,1.000000,4478,6002,2025.9399999999976
NF,uniforme_discreta_100,4000,5,2652,2012,1.318091,22,13,2009.7699999999977
FF,uniforme_discreta_100,4000,5,2067,2012,1.027336,1641,1632,2009.7699999999977
BF,uniforme_discreta_100,4000,5,2049,2012,1.018390,3067,4213,2009.7699999999977
FFD,uniforme_discreta_100,4000,5,2015,2012,1.001491,1844,1942,2009.7699999999977
BFD,uniforme_discreta_100,4000,5,2015,2012,1.001491,4442,5937,2009.7699999999977
NF,uniforme_discreta_100,4000,6,2637,1980,1.331818,22,13,1979.9699999999984
FF,uniforme_discreta_100,4000,6,2035,1980,1.027778,1586,1589,1979.9699999999984
BF,uniforme_discreta_100,4000,6,2013,1980,1.016667,3015,4209,1979.9699999999984
FFD,uniforme_discreta_100,4000,6,1984,1980,1.002020,1856,1953,1979.9699999999984
BFD,uniforme_discreta_100,4000,6,1984,1980,1.002020,4346,5874,1979.9699999999984
NF,uniforme_discreta_100,4000,7,2645,1997,1.324487,23,13,1993.7399999999977
FF,uniforme_discreta_100,4000,7,2051,1997,1.027041,1624,1675,1993.7399999999977
BF,uniforme_discreta_100,4000,7,2031,1997,1.017026,3018,4208,1993.7399999999977
FFD,uniforme_discreta_100,4000,7,2003,1997,1.003005,1827,1994,1993.7399999999977
BFD,uniforme_discreta_100,4000,7,2003,1997,1.003005,4421,5905,1993.7399999999977
NF,uniforme_discreta_100,4000,8,2664,2030,1.312315,22,13,1999.8299999999952
FF,uniforme_discreta_100,4000,8,2071,2030,1.020197,1627,1611,1999.8299999999952
BF,uniforme_discreta_100,4000,8,2050,2030,1.009852,3049,4210,1999.8299999999952
FFD,uniforme_discreta_100,4000,8,2030,2030,1.000000,1803,1905,1999.8299999999952
BFD,uniforme_discreta_100,4000,8,2030,2030,1.000000,4389,5910,1999.8299999999952
NF,uniforme_discreta_100,4000,9,2760,2104,1.311787,22,12,2076.8799999999997
FF,uniforme_discreta_100,4000,9,2150,2104,1.021863,1720,1794,2076.8799999999997
BF,uniforme_discreta_100,4000,9,2126,2104,1.010456,3196,4332,2076.8799999999997
FFD,uniforme_discreta_100,4000,9,2104,2104,1.000000,1905,2106,2076.8799999999997
BFD,uniforme_discreta_100,4000,9,2104,2104,1.000000,4564,6062,2076.8799999999997
NF,uniforme_discreta_100,8000,0,5381,4116,1.307337,57,35,4089.499999999995
FF,uniforme_discreta_100,8000,0,4199,4116,1.020165,6452,6659,4089.499999999995
BF,uniforme_discreta_100,8000,0,4162,4116,1.011176,12285,16982,4089.499999999995
FFD,uniforme_discreta_100,8000,0,4123,4116,1.001701,7293,8011,4089.499999999995
BFD,uniforme_discreta_100,8000,0,4123,4116,1.001701,17774,23943,4089.499999999995
NF,uniforme_discreta_100,8000,1,5386,4112,1.309825,57,26,4061.3600000000083
FF,uniforme_discreta_100,8000,1,4174,4112,1.015078,6441,6546,4061.3600000000083
BF,uniforme_discreta_100,8000,1,4139,4112,1.006566,12169,16875,4061.3600000000083
FFD,uniforme_discreta_100,8000,1,4112,4112,1.000000,7149,8040,4061.3600000000083
BFD,uniforme_discreta_100,8000,1,4112,4112,1.000000,17755,23907,4061.3600000000083
NF,uniforme_discreta_100,8000,2,5364,4031,1.330687,59,35,4028.650000000006
FF,uniforme_discreta_100,8000,2,4130,4031,1.024560,6406,6614,4028.650000000006
BF,uniforme_discreta_100,8000,2,4093,4031,1.015381,12071,16840,4028.650000000006
FFD,uniforme_discreta_100,8000,2,4034,4031,1.000744,7116,7879,4028.650000000006
BFD,uniforme_discreta_100,8000,2,4034,4031,1.000744,17523,23701,4028.650000000006
NF,uniforme_discreta_100,8000,3,5277,3990,1.322556,60,27,3986.869999999999
FF,uniforme_discreta_100,8000,3,4079,3990,1.022306,6332,6397,3986.869999999999
BF,uniforme_discreta_100,8000,3,4039,3990,1.012281,12101,16787,3986.869999999999
FFD,uniforme_discreta_100,8000,3,3994,3990,1.001003,6990,7702,3986.869999999999
BFD,uniforme_discreta_100,8000,3,3994,3990,1.001003,17362,23384,3986.869999999999
NF,uniforme_discreta_100,8000,4,5367,4044,1.327151,62,34,4036.2100000000023
FF,uniforme_discreta_100,8000,4,4138,4044,1.023244,6394,6648,4036.2100000000023
BF,uniforme_discreta_100,8000,4,4103,4044,1.014590,12099,16724,4036.2100000000023
FFD,uniforme_discreta_100,8000,4,4052,4044,1.001978,7099,7894,4036.2100000000023
BFD,uniforme_discreta_100,8000,4,4052,4044,1.001978,17654,23811,4036.2100000000023
NF,uniforme_discreta_100,8000,5,5326,4039,1.318643,55,35,4015.5500000000025
FF,uniforme_discreta_100,8000,5,4124,4039,1.021045,6362,6473,4015.5500000000025
BF,uniforme_discreta_100,8000,5,4084,4039,1.011141,12075,16707,4015.5500000000025
FFD,uniforme_discreta_100,8000,5,4040,4039,1.000248,7032,7857,4015.5500000000025
BFD,uniforme_discreta_100,8000,5,4040,4039,1.000248,17562,23612,4015.5500000000025
NF,uniforme_discreta_100,8000,6,5329,4033,1.321349,60,35,4021.1699999999983
FF,uniforme_discreta_100,8000,6,4128,4033,1.023556,6444,6537,4021.1699999999983
BF,uniforme_discreta_100,8000,6,4089,4033,1.013885,12039,16806,4021.1699999999983
FFD,uniforme_discreta_100,8000,6,4038,4033,1.001240,7075,7872,4021.1699999999983
BFD,uniforme_discreta_100,8000,6,4038,4033,1.001240,17724,23605,4021.1699999999983
NF,uniforme_discreta_100,8000,7,5314,4021,1.321562,56,34,4016.3199999999915
FF,uniforme_discreta_100,8000,7,4114,4021,1.023129,6369,6722,4016.3199999999915
BF,uniforme_discreta_100,8000,7,4061,4021,1.009948,12025,16812,4016.3199999999915
FFD,uniforme_discreta_100,8000,7,4025,4021,1.000995,7149,7974,4016.3199999999915
BFD,uniforme_discreta_100,8000,7,4025,4021,1.000995,17564,23624,4016.3199999999915
NF,uniforme_discreta_100,8000,8,5406,4094,1.320469,55,34,4059.680000000007
FF,uniforme_discreta_100,8000,8,4174,4094,1.019541,6521,6685,4059.680000000007
BF,uniforme_discreta_100,8000,8,4132,4094,1.009282,12120,16840,4059.680000000007
FFD,uniforme_discreta_100,8000,8,4094,4094,1.000000,7095,7861,4059.680000000007
BFD,uniforme_discreta_100,8000,8,4094,4094,1.000000,17727,23793,4059.680000000007
NF,uniforme_discreta_100,8000,9,5371,4046,1.327484,56,34,4039.0000000000014
FF,uniforme_discreta_100,8000,9,4139,4046,1.022986,6479,6607,4039.0000000000014
BF,uniforme_discreta_100,8000,9,4096,4046,1.012358,12123,16913,4039.0000000000014
FFD,uniforme_discreta_100,8000,9,4050,4046,1.000989,7115,7888,4039.0000000000014
BFD,uniforme_discreta_100,8000,9,4050,4046,1.000989,17850,23663,4039.0000000000014
NF,uniforme_discreta_100,16000,0,10758,8089,1.329954,150,52,8077.52999999998
FF,uniforme_discreta_100,16000,0,8221,8089,1.016318,25604,26370,8077.52999999998
BF,uniforme_discreta_100,16000,0,8148,8089,1.007294,48086,67364,8077.52999999998
FFD,uniforme_discreta_100,16000,0,8094,8089,1.000618,27751,31019,8077.52999999998
BFD,uniforme_discreta_100,16000,0,8094,8089,1.000618,70442,94304,8077.52999999998
NF,uniforme_discreta_100,16000,1,10646,8037,1.324624,131,53,8036.449999999998
FF,uniforme_discreta_100,16000,1,8190,8037,1.019037,25460,26295,8036.449999999998
BF,uniforme_discreta_100,16000,1,8124,8037,1.010825,47720,67235,8036.449999999998
FFD,uniforme_discreta_100,16000,1,8040,8037,1.000373,27639,33158,8036.449999999998
BFD,uniforme_discreta_100,16000,1,8040,8037,1.000373,76388,94513,8036.449999999998
NF,uniforme_discreta_100,16000,2,10627,8024,1.324402,148,56,8013.369999999996
FF,uniforme_discreta_100,16000,2,8179,8024,1.019317,25324,26150,8013.369999999996
BF,uniforme_discreta_100,16000,2,8111,8024,1.010842,47707,66440,8013.369999999996
FFD,uniforme_discreta_100,16000,2,8029,8024,1.000623,27497,30572,8013.369999999996
BFD,uniforme_discreta_100,16000,2,8029,8024,1.000623,69803,94152,8013.369999999996
NF,uniforme_discreta_100,16000,3,10826,8205,1.319439,131,51,8146.350000000034
FF,uniforme_discreta_100,16000,3,8332,8205,1.015478,25762,26551,8146.350000000034
BF,uniforme_discreta_100,16000,3,8276,8205,1.008653,48770,67518,8146.350000000034
FFD,uniforme_discreta_100,16000,3,8209,8205,1.000488,28237,31370,8146.350000000034
BFD,uniforme_discreta_100,16000,3,8209,8205,1.000488,71287,95453,8146.350000000034
NF,uniforme_discreta_100,16000,4,10715,8088,1.324802,136,52,8078.739999999982
FF,uniforme_discreta_100,16000,4,8235,8088,1.018175,25609,25940,8078.739999999982
BF,uniforme_discreta_100,16000,4,8159,8088,1.008778,48192,67305,8078.739999999982
FFD,uniforme_discreta_100,16000,4,8096,8088,1.000989,27816,31211,8078.739999999982
BFD,uniforme_discreta_100,16000,4,8096,8088,1.000989,70078,94788,8078.739999999982
NF,uniforme_discreta_100,16000,5,10787,8162,1.321612,132,51,8121.579999999966
FF,uniforme_discreta_100,16000,5,8292,8162,1.015927,25764,26583,8121.579999999966
BF,uniforme_discreta_100,16000,5,8229,8162,1.008209,48803,67878,8121.579999999966
FFD,uniforme_discreta_100,16000,5,8164,8162,1.000245,28191,31114,8121.579999999966
BFD,uniforme_discreta_100,16000,5,8164,8162,1.000245,70482,95156,8121.579999999966
NF,uniforme_discreta_100,16000,6,10708,8091,1.323446,132,52,8073.81000000001
FF,uniforme_discreta_100,16000,6,8240,8091,1.018416,25779,26433,8073.81000000001
BF,uniforme_discreta_100,16000,6,8182,8091,1.011247,47985,67696,8073.81000000001
FFD,uniforme_discreta_100,16000,6,8091,8091,1.000000,27882,30562,8073.81000000001
BFD,uniforme_discreta_100,16000,6,8091,8091,1.000000,70231,94563,8073.81000000001
NF,uniforme_discreta_100,16000,7,10715,8077,1.326606,130,52,8071.689999999996
FF,uniforme_discreta_100,16000,7,8222,8077,1.017952,25576,26438,8071.689999999996
BF,uniforme_discreta_100,16000,7,8144,8077,1.008295,48080,67841,8071.689999999996
FFD,uniforme_discreta_100,16000,7,8082,8077,1.000619,27936,30876,8071.689999999996
BFD,uniforme_discreta_100,16000,7,8082,8077,1.000619,70156,94910,8071.689999999996
NF,uniforme_discreta_100,16000,8,10821,8263,1.309573,131,53,8163.389999999965
FF,uniforme_discreta_100,16000,8,8372,8263,1.013191,25778,26481,8163.389999999965
BF,uniforme_discreta_100,16000,8,8322,8263,1.007140,49090,67785,8163.389999999965
FFD,uniforme_discreta_100,16000,8,8263,8263,1.000000,28333,31294,8163.389999999965
BFD,uniforme_discreta_100,16000,8,8263,8263,1.000000,70915,95418,8163.389999999965
NF,uniforme_discreta_100,16000,9,10751,8132,1.322061,134,53,8103.389999999997
FF,uniforme_discreta_100,16000,9,8262,8132,1.015986,25507,26673,8103.389999999997
BF,uniforme_discreta_100,16000,9,8183,8132,1.006272,48328,67475,8103.389999999997
FFD,uniforme_discreta_100,16000,9,8135,8132,1.000369,27978,31291,8103.389999999997
BFD,uniforme_discreta_100,16000,9,8135,8132,1.000369,71227,95039,8103.389999999997
NF,tres_particao,1000,0,467,382,1.222513,4,1,381.6899999999993
FF,tres_particao,1000,0,432,382,1.130890,107,105,381.6899999999993
BF,tres_particao,1000,0,432,382,1.130890,175,244,381.6899999999993
FFD,tres_particao,1000,0,422,382,1.104712,123,120,381.6899999999993
BFD,tres_particao,1000,0,422,382,1.104712,195,284,381.6899999999993
NF,tres_particao,1000,1,465,378,1.230159,4,1,377.60999999999996
FF,tres_particao,1000,1,428,378,1.132275,131,136,377.60999999999996
BF,tres_particao,1000,1,428,378,1.132275,168,240,377.60999999999996
FFD,tres_particao,1000,1,417,378,1.103175,131,123,377.60999999999996
BFD,tres_particao,1000,1,417,378,1.103175,192,279,377.60999999999996
NF,tres_particao,1000,2,473,381,1.241470,4,1,380.21999999999974
FF,tres_particao,1000,2,433,381,1.136483,105,110,380.21999999999974
BF,tres_particao,1000,2,433,381,1.136483,175,248,380.21999999999974
FFD,tres_particao,1000,2,423,381,1.110236,122,123,380.21999999999974
BFD,tres_particao,1000,2,423,381,1.110236,193,280,380.21999999999974
NF,tres_particao,1000,3,475,384,1.236979,3,1,383.40000000000015
FF,tres_particao,1000,3,439,384,1.143229,108,105,383.40000000000015
BF,tres_particao,1000,3,436,384,1.135417,180,248,383.40000000000015
FFD,tres_particao,1000,3,426,384,1.109375,119,120,383.40000000000015
BFD,tres_particao,1000,3,426,384,1.109375,196,275,383.40000000000015
NF,tres_particao,1000,4,473,383,1.234987,3,1,382.3200000000001
FF,tres_particao,1000,4,434,383,1.133159,134,125,382.3200000000001
BF,tres_particao,1000,4,434,383,1.133159,174,245,382.3200000000001
FFD,tres_particao,1000,4,422,383,1.101828,120,118,382.3200000000001
BFD,tres_particao,1000,4,422,383,1.101828,194,277,382.3200000000001
NF,tres_particao,1000,5,465,380,1.223684,3,1,379.3499999999996
FF,tres_particao,1000,5,429,380,1.128947,105,103,379.3499999999996
BF,tres_particao,1000,5,430,380,1.131579,170,246,379.3499999999996
FFD,tres_particao,1000,5,420,380,1.105263,120,116,379.3499999999996
BFD,tres_particao,1000,5,420,380,1.105263,208,279,379.3499999999996
NF,tres_particao,1000,6,469,381,1.230971,3,1,380.2900000000001
FF,tres_particao,1000,6,432,381,1.133858,104,102,380.2900000000001
BF,tres_particao,1000,6,432,381,1.133858,169,246,380.2900000000001
FFD,tres_particao,1000,6,422,381,1.107612,119,116,380.2900000000001
BFD,tres_particao,1000,6,422,381,1.107612,192,279,380.2900000000001
NF,tres_particao,1000,7,469,380,1.234211,3,1,379.6699999999995
FF,tres_particao,1000,7,428,380,1.126316,113,105,379.6699999999995
BF,tres_particao,1000,7,429,380,1.128947,169,245,379.6699999999995
FFD,tres_particao,1000,7,418,380,1.100000,125,113,379.6699999999995
BFD,tres_particao,1000,7,418,380,1.100000,192,284,379.6699999999995
NF,tres_particao,1000,8,470,380,1.236842,3,1,379.8999999999993
FF,tres_particao,1000,8,427,380,1.123684,105,108,379.8999999999993
BF,tres_particao,1000,8,427,380,1.123684,168,238,379.8999999999993
FFD,tres_particao,1000,8,420,380,1.105263,123,116,379.8999999999993
BFD,tres_particao,1000,8,420,380,1.105263,191,274,379.8999999999993
NF,tres_particao,1000,9,472,381,1.238845,3,1,380.2899999999999
FF,tres_particao,1000,9,432,381,1.133858,105,108,380.2899999999999
BF,tres_particao,1000,9,429,381,1.125984,170,240,380.2899999999999
FFD,tres_particao,1000,9,421,381,1.104987,121,124,380.2899999999999
BFD,tres_particao,1000,9,421,381,1.104987,192,275,380.2899999999999
NF,tres_particao,2000,0,942,763,1.234600,6,2,762.7600000000003
FF,tres_particao,2000,0,864,763,1.132372,399,425,762.7600000000003
BF,tres_particao,2000,0,864,763,1.132372,653,944,762.7600000000003
FFD,tres_particao,2000,0,844,763,1.106160,438,429,762.7600000000003
BFD,tres_particao,2000,0,844,763,1.106160,730,1057,762.7600000000003
NF,tres_particao,2000,1,938,759,1.235837,6,2,758.2999999999984
FF,tres_particao,2000,1,861,759,1.134387,425,429,758.2999999999984
BF,tres_particao,2000,1,860,759,1.133070,649,943,758.2999999999984
FFD,tres_particao,2000,1,841,759,1.108037,428,431,758.2999999999984
BFD,tres_particao,2000,1,841,759,1.108037,728,1066,758.2999999999984
NF,tres_particao,2000,2,938,761,1.232589,6,2,760.1099999999997
FF,tres_particao,2000,2,861,761,1.131406,404,389,760.1099999999997
BF,tres_particao,2000,2,862,761,1.132720,652,944,760.1099999999997
FFD,tres_particao,2000,2,840,761,1.103811,425,424,760.1099999999997
BFD,tres_particao,2000,2,840,761,1.103811,732,1059,760.1099999999997
NF,tres_particao,2000,3,949,762,1.245407,6,2,761.6199999999985
FF,tres_particao,2000,3,865,762,1.135171,434,420,761.6199999999985
BF,tres_particao,2000,3,864,762,1.133858,654,943,761.6199999999985
FFD,tres_particao,2000,3,840,762,1.102362,431,445,761.6199999999985
BFD,tres_particao,2000,3,840,762,1.102362,728,1068,761.6199999999985
NF,tres_particao,2000,4,943,766,1.231070,6,2,765.2200000000013
FF,tres_particao,2000,4,868,766,1.133159,405,394,765.2200000000013
BF,tres_particao,2000,4,867,766,1.131854,656,948,765.2200000000013
FFD,tres_particao,2000,4,845,766,1.103133,426,435,765.2200000000013
BFD,tres_particao,2000,4,845,766,1.103133,730,1069,765.2200000000013
NF,tres_particao,2000,5,945,763,1.238532,6,2,762.42
FF,tres_particao,2000,5,862,763,1.129751,440,388,762.42
BF,tres_particao,2000,5,858,763,1.124509,650,946,762.42
FFD,tres_particao,2000,5,842,763,1.103539,428,452,762.42
BFD,tres_particao,2000,5,842,763,1.103539,755,1068,762.42
NF,tres_particao,2000,6,938,753,1.245684,6,2,752.9399999999999
FF,tres_particao,2000,6,854,753,1.134130,400,375,752.9399999999999
BF,tres_particao,2000,6,854,753,1.134130,653,928,752.9399999999999
FFD,tres_particao,2000,6,834,753,1.107570,426,448,752.9399999999999
BFD,tres_particao,2000,6,834,753,1.107570,724,1071,752.9399999999999
NF,tres_particao,2000,7,946,768,1.231771,6,2,767.5200000000018
FF,tres_particao,2000,7,869,768,1.131510,406,423,767.5200000000018
BF,tres_particao,2000,7,869,768,1.131510,661,962,767.5200000000018
FFD,tres_particao,2000,7,845,768,1.100260,429,450,767.5200000000018
BFD,tres_particao,2000,7,845,768,1.100260,730,1063,767.5200000000018
NF,tres_particao,2000,8,938,759,1.235837,6,2,758.9900000000002
FF,tres_particao,2000,8,861,759,1.134387,451,399,758.9900000000002
BF,tres_particao,2000,8,860,759,1.133070,661,943,758.9900000000002
FFD,tres_particao,2000,8,838,759,1.104084,430,431,758.9900000000002
BFD,tres_particao,2000,8,838,759,1.104084,728,1060,758.9900000000002
NF,tres_particao,2000,9,933,753,1.239044,6,2,752.7199999999989
FF,tres_particao,2000,9,853,753,1.132802,428,385,752.7199999999989
BF,tres_particao,2000,9,853,753,1.132802,686,946,752.7199999999989
FFD,tres_particao,2000,9,835,753,1.108898,435,450,752.7199999999989
BFD,tres_particao,2000,9,835,753,1.108898,731,1054,752.7199999999989
NF,tres_particao,4000,0,1884,1525,1.235410,10,4,1524.010000000002
FF,tres_particao,4000,0,1726,1525,1.131803,1500,1574,1524.010000000002
BF,tres_particao,4000,0,1728,1525,1.133115,2586,3758,1524.010000000002
FFD,tres_particao,4000,0,1689,1525,1.107541,1665,1644,1524.010000000002
BFD,tres_particao,4000,0,1689,1525,1.107541,2840,4190,1524.010000000002
NF,tres_particao,4000,1,1878,1521,1.234714,11,4,1520.88
FF,tres_particao,4000,1,1722,1521,1.132150,1494,1514,1520.88
BF,tres_particao,4000,1,1723,1521,1.132807,2560,3752,1520.88
FFD,tres_particao,4000,1,1682,1521,1.105851,1611,1700,1520.88
BFD,tres_particao,4000,1,1682,1521,1.105851,2894,4203,1520.88
NF,tres_particao,4000,2,1877,1516,1.238127,10,4,1515.4599999999984
FF,tres_particao,4000,2,1716,1516,1.131926,1493,1523,1515.4599999999984
BF,tres_particao,4000,2,1715,1516,1.131266,2576,3715,1515.4599999999984
FFD,tres_particao,4000,2,1671,1516,1.102243,1656,1640,1515.4599999999984
BFD,tres_particao,4000,2,1671,1516,1.102243,2843,4218,1515.4599999999984
NF,tres_particao,4000,3,1878,1523,1.233093,11,4,1522.7700000000023
FF,tres_particao,4000,3,1724,1523,1.131976,1545,1533,1522.7700000000023
BF,tres_particao,4000,3,1724,1523,1.131976,2575,3749,1522.7700000000023
FFD,tres_particao,4000,3,1685,1523,1.106369,1632,1607,1522.7700000000023
BFD,tres_particao,4000,3,1685,1523,1.106369,2834,4194,1522.7700000000023
NF,tres_particao,4000,4,1878,1522,1.233903,10,4,1521.500000000005
FF,tres_particao,4000,4,1723,1522,1.132063,1579,1614,1521.500000000005
BF,tres_particao,4000,4,1722,1522,1.131406,2557,3753,1521.500000000005
FFD,tres_particao,4000,4,1684,1522,1.106439,2992,2985,1521.500000000005
BFD,tres_particao,4000,4,1684,1522,1.106439,6206,5043,1521.500000000005
NF,tres_particao,4000,5,1871,1517,1.233355,17,9,1516.1000000000001
FF,tres_particao,4000,5,1714,1517,1.129862,3136,2937,1516.1000000000001
BF,tres_particao,4000,5,1716,1517,1.131180,5402,4470,1516.1000000000001
FFD,tres_particao,4000,5,1677,1517,1.105471,2022,2543,1516.1000000000001
BFD,tres_particao,4000,5,1677,1517,1.105471,3770,4561,1516.1000000000001
NF,tres_particao,4000,6,1873,1514,1.237120,18,7,1513.8699999999976
FF,tres_particao,4000,6,1716,1514,1.133421,3165,3398,1513.8699999999976
BF,tres_particao,4000,6,1713,1514,1.131440,2933,3735,1513.8699999999976
FFD,tres_particao,4000,6,1671,1514,1.103699,1646,1607,1513.8699999999976
BFD,tres_particao,4000,6,1671,1514,1.103699,2835,4176,1513.8699999999976
NF,tres_particao,4000,7,1878,1517,1.237970,11,4,1516.0399999999993
FF,tres_particao,4000,7,1719,1517,1.133158,1501,1487,1516.0399999999993
BF,tres_particao,4000,7,1716,1517,1.131180,2548,3725,1516.0399999999993
FFD,tres_particao,4000,7,1676,1517,1.104812,1615,1622,1516.0399999999993
BFD,tres_particao,4000,7,1676,1517,1.104812,2822,4185,1516.0399999999993
NF,tres_particao,4000,8,1873,1519,1.233048,11,4,1518.6800000000032
FF,tres_particao,4000,8,1723,1519,1.134299,1491,1473,1518.6800000000032
BF,tres_particao,4000,8,1723,1519,1.134299,2570,3736,1518.6800000000032
FFD,tres_particao,4000,8,1683,1519,1.107966,1676,1616,1518.6800000000032
BFD,tres_particao,4000,8,1683,1519,1.107966,2865,4203,1518.6800000000032
NF,tres_particao,4000,9,1886,1532,1.231070,9,4,1531.350000000002
FF,tres_particao,4000,9,1738,1532,1.134465,1499,1608,1531.350000000002
BF,tres_particao,4000,9,1736,1532,1.133159,2581,3774,1531.350000000002
FFD,tres_particao,4000,9,1690,1532,1.103133,1665,1636,1531.350000000002
BFD,tres_particao,4000,9,1690,1532,1.103133,2840,4199,1531.350000000002
NF,tres_particao,8000,0,3771,3060,1.232353,31,9,3059.709999999999
FF,tres_particao,8000,0,3462,3060,1.131373,5830,6007,3059.709999999999
BF,tres_particao,8000,0,3463,3060,1.131699,10164,14901,3059.709999999999
FFD,tres_particao,8000,0,3383,3060,1.105556,6395,6421,3059.709999999999
BFD,tres_particao,8000,0,3383,3060,1.105556,11324,16836,3059.709999999999
NF,tres_particao,8000,1,3752,3034,1.236651,19,9,3033.91
FF,tres_particao,8000,1,3433,3034,1.131510,5801,5982,3033.91
BF,tres_particao,8000,1,3435,3034,1.132169,10144,14937,3033.91
FFD,tres_particao,8000,1,3360,3034,1.107449,6331,6393,3033.91
BFD,tres_particao,8000,1,3360,3034,1.107449,11199,16760,3033.91
NF,tres_particao,8000,2,3759,3041,1.236107,18,9,3040.9000000000115
FF,tres_particao,8000,2,3441,3041,1.131536,5830,5993,3040.9000000000115
BF,tres_particao,8000,2,3444,3041,1.132522,10162,14985,3040.9000000000115
FFD,tres_particao,8000,2,3359,3041,1.104571,6372,6294,3040.9000000000115
BFD,tres_particao,8000,2,3359,3041,1.104571,11245,16718,3040.9000000000115
NF,tres_particao,8000,3,3738,3033,1.232443,19,9,3032.6300000000233
FF,tres_particao,8000,3,3434,3033,1.132212,5827,5932,3032.6300000000233
BF,tres_particao,8000,3,3435,3033,1.132542,10140,14915,3032.6300000000233
FFD,tres_particao,8000,3,3358,3033,1.107155,6364,6437,3032.6300000000233
BFD,tres_particao,8000,3,3358,3033,1.107155,11207,16746,3032.6300000000233
NF,tres_particao,8000,4,3758,3042,1.235371,19,9,3041.289999999995
FF,tres_particao,8000,4,3444,3042,1.132150,5852,5946,3041.289999999995
BF,tres_particao,8000,4,3442,3042,1.131492,10181,14914,3041.289999999995
FFD,tres_particao,8000,4,3352,3042,1.101907,6360,6755,3041.289999999995
BFD,tres_particao,8000,4,3352,3042,1.101907,11251,16751,3041.289999999995
NF,tres_particao,8000,5,3748,3035,1.234926,19,9,3034.9499999999935
FF,tres_particao,8000,5,3449,3035,1.136409,5797,5913,3034.9499999999935
BF,tres_particao,8000,5,3444,3035,1.134761,10120,14906,3034.9499999999935
FFD,tres_particao,8000,5,3360,3035,1.107084,6371,6374,3034.9499999999935
BFD,tres_particao,8000,5,3360,3035,1.107084,11230,16733,3034.9499999999935
NF,tres_particao,8000,6,3767,3042,1.238330,18,8,3041.039999999997
FF,tres_particao,8000,6,3433,3042,1.128534,5817,5858,3041.039999999997
BF,tres_particao,8000,6,3436,3042,1.129520,10179,14929,3041.039999999997
FFD,tres_particao,8000,6,3352,3042,1.101907,6432,6536,3041.039999999997
BFD,tres_particao,8000,6,3352,3042,1.101907,11246,16737,3041.039999999997
NF,tres_particao,8000,7,3761,3036,1.238801,19,9,3035.909999999995
FF,tres_particao,8000,7,3438,3036,1.132411,5934,5863,3035.909999999995
BF,tres_particao,8000,7,3434,3036,1.131094,10076,14830,3035.909999999995
FFD,tres_particao,8000,7,3354,3036,1.104743,6318,6715,3035.909999999995
BFD,tres_particao,8000,7,3354,3036,1.104743,11314,16687,3035.909999999995
NF,tres_particao,8000,8,3771,3043,1.239238,18,8,3042.1199999999994
FF,tres_particao,8000,8,3449,3043,1.133421,5962,5909,3042.1199999999994
BF,tres_particao,8000,8,3446,3043,1.132435,10190,14886,3042.1199999999994
FFD,tres_particao,8000,8,3362,3043,1.104831,6332,6336,3042.1199999999994
BFD,tres_particao,8000,8,3362,3043,1.104831,11301,16728,3042.1199999999994
NF,tres_particao,8000,9,3750,3033,1.236400,19,9,3032.1800000000007
FF,tres_particao,8000,9,3426,3033,1.129575,5837,5924,3032.1800000000007
BF,tres_particao,8000,9,3430,3033,1.130894,10119,15052,3032.1800000000007
FFD,tres_particao,8000,9,3350,3033,1.104517,6435,6439,3032.1800000000007
BFD,tres_particao,8000,9,3350,3033,1.104517,11303,16966,3032.1800000000007
NF,tres_particao,16000,0,7510,6083,1.234588,68,20,6082.360000000023
FF,tres_particao,16000,0,6885,6083,1.131843,23873,23694,6082.360000000023
BF,tres_particao,16000,0,6885,6083,1.131843,42166,60937,6082.360000000023
FFD,tres_particao,16000,0,6724,6083,1.105376,25150,25297,6082.360000000023
BFD,tres_particao,16000,0,6724,6083,1.105376,44776,66738,6082.360000000023
NF,tres_particao,16000,1,7500,6074,1.234771,60,18,6073.559999999971
FF,tres_particao,16000,1,6866,6074,1.130392,23083,23572,6073.559999999971
BF,tres_particao,16000,1,6868,6074,1.130721,40424,59507,6073.559999999971
FFD,tres_particao,16000,1,6713,6074,1.105203,24999,25160,6073.559999999971
BFD,tres_particao,16000,1,6713,6074,1.105203,45019,66887,6073.559999999971
NF,tres_particao,16000,2,7508,6068,1.237310,64,18,6067.520000000006
FF,tres_particao,16000,2,6858,6068,1.130191,23018,23311,6067.520000000006
BF,tres_particao,16000,2,6859,6068,1.130356,40274,59341,6067.520000000006
FFD,tres_particao,16000,2,6709,6068,1.105636,25575,25030,6067.520000000006
BFD,tres_particao,16000,2,6709,6068,1.105636,44706,66676,6067.520000000006
NF,tres_particao,16000,3,7517,6090,1.234319,61,18,6089.369999999999
FF,tres_particao,16000,3,6891,6090,1.131527,23196,23545,6089.369999999999
BF,tres_particao,16000,3,6892,6090,1.131691,40456,59741,6089.369999999999
FFD,tres_particao,16000,3,6727,6090,1.104598,25132,25317,6089.369999999999
BFD,tres_particao,16000,3,6727,6090,1.104598,44745,66814,6089.369999999999
NF,tres_particao,16000,4,7501,6073,1.235139,63,18,6072.48000000004
FF,tres_particao,16000,4,6865,6073,1.130413,23106,23425,6072.48000000004
BF,tres_particao,16000,4,6865,6073,1.130413,40315,59715,6072.48000000004
FFD,tres_particao,16000,4,6717,6073,1.106043,25046,25193,6072.48000000004
BFD,tres_particao,16000,4,6717,6073,1.106043,44712,66739,6072.48000000004
NF,tres_particao,16000,5,7519,6095,1.233634,64,18,6094.460000000003
FF,tres_particao,16000,5,6894,6095,1.131091,23163,23699,6094.460000000003
BF,tres_particao,16000,5,6891,6095,1.130599,40523,59620,6094.460000000003
FFD,tres_particao,16000,5,6734,6095,1.104840,25133,25072,6094.460000000003
BFD,tres_particao,16000,5,6734,6095,1.104840,44788,66745,6094.460000000003
NF,tres_particao,16000,6,7498,6075,1.234239,65,18,6074.600000000012
FF,tres_particao,16000,6,6875,6075,1.131687,23057,23470,6074.600000000012
BF,tres_particao,16000,6,6877,6075,1.132016,40428,59777,6074.600000000012
FFD,tres_particao,16000,6,6718,6075,1.105844,25099,25036,6074.600000000012
BFD,tres_particao,16000,6,6718,6075,1.105844,45303,67116,6074.600000000012
NF,tres_particao,16000,7,7523,6085,1.236319,68,18,6084.309999999998
FF,tres_particao,16000,7,6889,6085,1.132128,23165,23749,6084.309999999998
BF,tres_particao,16000,7,6886,6085,1.131635,40452,59573,6084.309999999998
FFD,tres_particao,16000,7,6720,6085,1.104355,24938,25139,6084.309999999998
BFD,tres_particao,16000,7,6720,6085,1.104355,44735,66750,6084.309999999998
NF,tres_particao,16000,8,7545,6103,1.236277,63,18,6102.5499999999765
FF,tres_particao,16000,8,6907,6103,1.131738,23204,23800,6102.5499999999765
BF,tres_particao,16000,8,6905,6103,1.131411,40455,61831,6102.5499999999765
FFD,tres_particao,16000,8,6757,6103,1.107160,32308,25451,6102.5499999999765
BFD,tres_particao,16000,8,6757,6103,1.107160,45018,67226,6102.5499999999765
NF,tres_particao,16000,9,7521,6087,1.235584,68,18,6086.670000000015
FF,tres_particao,16000,9,6882,6087,1.130606,23268,23652,6086.670000000015
BF,tres_particao,16000,9,6880,6087,1.130278,41201,60114,6086.670000000015
FFD,tres_particao,16000,9,6732,6087,1.105964,25332,25070,6086.670000000015
BFD,tres_particao,16000,9,6732,6087,1.105964,45065,67171,6086.670000000015
NF,falkenauer_u120,1000,0,364,304,1.197368,6,2,303.60999999999984
FF,falkenauer_u120,1000,0,313,304,1.029605,81,78,303.60999999999984
BF,falkenauer_u120,1000,0,314,304,1.032895,133,192,303.60999999999984
FFD,falkenauer_u120,1000,0,308,304,1.013158,104,97,303.60999999999984
BFD,falkenauer_u120,1000,0,308,304,1.013158,174,247,303.60999999999984
NF,falkenauer_u120,1000,1,348,293,1.187713,6,2,292.5099999999998
FF,falkenauer_u120,1000,1,303,293,1.034130,80,80,292.5099999999998
BF,falkenauer_u120,1000,1,303,293,1.034130,180,207,292.5099999999998
FFD,falkenauer_u120,1000,1,297,293,1.013652,101,94,292.5099999999998
BFD,falkenauer_u120,1000,1,297,293,1.013652,167,241,292.5099999999998
NF,falkenauer_u120,1000,2,349,295,1.183051,5,2,294.16000000000014
FF,falkenauer_u120,1000,2,304,295,1.030508,79,75,294.16000000000014
BF,falkenauer_u120,1000,2,303,295,1.027119,127,186,294.16000000000014
FFD,falkenauer_u120,1000,2,299,295,1.013559,101,97,294.16000000000014
BFD,falkenauer_u120,1000,2,299,295,1.013559,169,244,294.16000000000014
NF,falkenauer_u120,1000,3,363,305,1.190164,5,2,304.2500000000001
FF,falkenauer_u120,1000,3,315,305,1.032787,86,79,304.2500000000001
BF,falkenauer_u120,1000,3,314,305,1.029508,137,202,304.2500000000001
FFD,falkenauer_u120,1000,3,309,305,1.013115,108,106,304.2500000000001
BFD,falkenauer_u120,1000,3,309,305,1.013115,173,249,304.2500000000001
NF,falkenauer_u120,1000,4,360,299,1.204013,5,2,298.9399999999999
FF,falkenauer_u120,1000,4,310,299,1.036789,80,82,298.9399999999999
BF,falkenauer_u120,1000,4,309,299,1.033445,135,188,298.9399999999999
FFD,falkenauer_u120,1000,4,304,299,1.016722,102,95,298.9399999999999
BFD,falkenauer_u120,1000,4,304,299,1.016722,170,240,298.9399999999999
NF,falkenauer_u120,1000,5,364,302,1.205298,6,2,301.71
FF,falkenauer_u120,1000,5,313,302,1.036424,81,85,301.71
BF,falkenauer_u120,1000,5,312,302,1.033113,132,189,301.71
FFD,falkenauer_u120,1000,5,307,302,1.016556,101,97,301.71
BFD,falkenauer_u120,1000,5,307,302,1.016556,171,257,301.71
NF,falkenauer_u120,1000,6,359,300,1.196667,5,2,299.47000000000014
FF,falkenauer_u120,1000,6,312,300,1.040000,81,77,299.47000000000014
BF,falkenauer_u120,1000,6,310,300,1.033333,129,188,299.47000000000014
FFD,falkenauer_u120,1000,6,304,300,1.013333,103,96,299.47000000000014
BFD,falkenauer_u120,1000,6,304,300,1.013333,171,244,299.47000000000014
NF,falkenauer_u120,1000,7,352,296,1.189189,5,2,295.11000000000047
FF,falkenauer_u120,1000,7,305,296,1.030405,80,76,295.11000000000047
BF,falkenauer_u120,1000,7,306,296,1.033784,127,185,295.11000000000047
FFD,falkenauer_u120,1000,7,300,296,1.013514,107,97,295.11000000000047
BFD,falkenauer_u120,1000,7,300,296,1.013514,169,242,295.11000000000047
NF,falkenauer_u120,1000,8,359,300,1.196667,5,2,299.07
FF,falkenauer_u120,1000,8,309,300,1.030000,81,86,299.07
BF,falkenauer_u120,1000,8,308,300,1.026667,138,198,299.07
FFD,falkenauer_u120,1000,8,304,300,1.013333,108,99,299.07
BFD,falkenauer_u120,1000,8,304,300,1.013333,171,242,299.07
NF,falkenauer_u120,1000,9,357,299,1.193980,5,2,298.97
FF,falkenauer_u120,1000,9,310,299,1.036789,85,78,298.97
BF,falkenauer_u120,1000,9,310,299,1.036789,135,220,298.97
FFD,falkenauer_u120,1000,9,305,299,1.020067,101,96,298.97
BFD,falkenauer_u120,1000,9,305,299,1.020067,170,248,298.97
NF,falkenauer_u120,2000,0,730,605,1.206612,10,4,604.910000000001
FF,falkenauer_u120,2000,0,625,605,1.033058,294,288,604.910000000001
BF,falkenauer_u120,2000,0,626,605,1.034711,501,730,604.910000000001
FFD,falkenauer_u120,2000,0,614,605,1.014876,346,339,604.910000000001
BFD,falkenauer_u120,2000,0,614,605,1.014876,633,947,604.910000000001
NF,falkenauer_u120,2000,1,722,604,1.195364,10,4,603.6900000000009
FF,falkenauer_u120,2000,1,622,604,1.029801,327,289,603.6900000000009
BF,falkenauer_u120,2000,1,624,604,1.033113,486,730,603.6900000000009
FFD,falkenauer_u120,2000,1,612,604,1.013245,344,355,603.6900000000009
BFD,falkenauer_u120,2000,1,612,604,1.013245,630,922,603.6900000000009
NF,falkenauer_u120,2000,2,720,597,1.206030,10,4,596.99
FF,falkenauer_u120,2000,2,617,597,1.033501,288,279,596.99
BF,falkenauer_u120,2000,2,616,597,1.031826,475,755,596.99
FFD,falkenauer_u120,2000,2,606,597,1.015075,343,348,596.99
BFD,falkenauer_u120,2000,2,606,597,1.015075,623,911,596.99
NF,falkenauer_u120,2000,3,719,602,1.194352,9,4,601.6500000000024
FF,falkenauer_u120,2000,3,624,602,1.036545,303,283,601.6500000000024
BF,falkenauer_u120,2000,3,623,602,1.034884,485,724,601.6500000000024
FFD,falkenauer_u120,2000,3,611,602,1.014950,355,336,601.6500000000024
BFD,falkenauer_u120,2000,3,611,602,1.014950,627,922,601.6500000000024
NF,falkenauer_u120,2000,4,717,603,1.189055,10,4,602.3000000000018
FF,falkenauer_u120,2000,4,622,603,1.031509,287,287,602.3000000000018
BF,falkenauer_u120,2000,4,621,603,1.029851,483,723,602.3000000000018
FFD,falkenauer_u120,2000,4,611,603,1.013267,345,340,602.3000000000018
BFD,falkenauer_u120,2000,4,611,603,1.013267,626,983,602.3000000000018
NF,falkenauer_u120,2000,5,712,594,1.198653,9,4,593.990000000001
FF,falkenauer_u120,2000,5,614,594,1.033670,290,288,593.990000000001
BF,falkenauer_u120,2000,5,613,594,1.031987,480,722,593.990000000001
FFD,falkenauer_u120,2000,5,603,594,1.015152,345,342,593.990000000001
BFD,falkenauer_u120,2000,5,603,594,1.015152,616,906,593.990000000001
NF,falkenauer_u120,2000,6,707,592,1.194257,9,4,591.430000000002
FF,falkenauer_u120,2000,6,612,592,1.033784,286,281,591.430000000002
BF,falkenauer_u120,2000,6,612,592,1.033784,475,716,591.430000000002
FFD,falkenauer_u120,2000,6,600,592,1.013514,356,333,591.430000000002
BFD,falkenauer_u120,2000,6,600,592,1.013514,616,907,591.430000000002
NF,falkenauer_u120,2000,7,729,606,1.202970,10,4,605.5100000000019
FF,falkenauer_u120,2000,7,626,606,1.033003,292,296,605.5100000000019
BF,falkenauer_u120,2000,7,626,606,1.033003,492,820,605.5100000000019
FFD,falkenauer_u120,2000,7,615,606,1.014851,340,354,605.5100000000019
BFD,falkenauer_u120,2000,7,615,606,1.014851,627,930,605.5100000000019
NF,falkenauer_u120,2000,8,716,602,1.189369,10,4,601.1300000000011
FF,falkenauer_u120,2000,8,621,602,1.031561,290,285,601.1300000000011
BF,falkenauer_u120,2000,8,619,602,1.028239,479,718,601.1300000000011
FFD,falkenauer_u120,2000,8,610,602,1.013289,344,338,601.1300000000011
BFD,falkenauer_u120,2000,8,610,602,1.013289,623,927,601.1300000000011
NF,falkenauer_u120,2000,9,705,588,1.198980,9,4,587.8300000000027
FF,falkenauer_u120,2000,9,607,588,1.032313,348,296,587.8300000000027
BF,falkenauer_u120,2000,9,607,588,1.032313,475,717,587.8300000000027
FFD,falkenauer_u120,2000,9,597,588,1.015306,341,348,587.8300000000027
BFD,falkenauer_u120,2000,9,597,588,1.015306,612,939,587.8300000000027
NF,falkenauer_u120,4000,0,1439,1201,1.198168,18,9,1200.7600000000052
FF,falkenauer_u120,4000,0,1239,1201,1.031640,1087,1118,1200.7600000000052
BF,falkenauer_u120,4000,0,1238,1201,1.030808,1879,2845,1200.7600000000052
FFD,falkenauer_u120,4000,0,1219,1201,1.014988,1333,1270,1200.7600000000052
BFD,falkenauer_u120,4000,0,1219,1201,1.014988,2429,3634,1200.7600000000052
NF,falkenauer_u120,4000,1,1437,1201,1.196503,18,9,1200.500000000013
FF,falkenauer_u120,4000,1,1241,1201,1.033306,1095,1116,1200.500000000013
BF,falkenauer_u120,4000,1,1239,1201,1.031640,1975,2873,1200.500000000013
FFD,falkenauer_u120,4000,1,1219,1201,1.014988,1286,1283,1200.500000000013
BFD,falkenauer_u120,4000,1,1219,1201,1.014988,2403,3706,1200.500000000013
NF,falkenauer_u120,4000,2,1434,1203,1.192020,18,8,1202.3300000000115
FF,falkenauer_u120,4000,2,1243,1203,1.033250,1101,1109,1202.3300000000115
BF,falkenauer_u120,4000,2,1240,1203,1.030756,1875,2838,1202.3300000000115
FFD,falkenauer_u120,4000,2,1219,1203,1.013300,1268,1349,1202.3300000000115
BFD,falkenauer_u120,4000,2,1219,1203,1.013300,2401,3632,1202.3300000000115
NF,falkenauer_u120,4000,3,1424,1192,1.194631,18,9,1191.0600000000068
FF,falkenauer_u120,4000,3,1230,1192,1.031879,1080,1137,1191.0600000000068
BF,falkenauer_u120,4000,3,1228,1192,1.030201,1879,2841,1191.0600000000068
FFD,falkenauer_u120,4000,3,1208,1192,1.013423,1285,1283,1191.0600000000068
BFD,falkenauer_u120,4000,3,1208,1192,1.013423,2387,3636,1191.0600000000068
NF,falkenauer_u120,4000,4,1439,1201,1.198168,17,8,1200.640000000012
FF,falkenauer_u120,4000,4,1239,1201,1.031640,1084,1080,1200.640000000012
BF,falkenauer_u120,4000,4,1240,1201,1.032473,1866,2840,1200.640000000012
FFD,falkenauer_u120,4000,4,1218,1201,1.014155,1305,1286,1200.640000000012
BFD,falkenauer_u120,4000,4,1218,1201,1.014155,2441,3605,1200.640000000012
NF,falkenauer_u120,4000,5,1439,1203,1.196176,18,9,1202.5900000000088
FF,falkenauer_u120,4000,5,1242,1203,1.032419,1110,1096,1202.5900000000088
BF,falkenauer_u120,4000,5,1239,1203,1.029925,1887,2843,1202.5900000000088
FFD,falkenauer_u120,4000,5,1221,1203,1.014963,1294,1285,1202.5900000000088
BFD,falkenauer_u120,4000,5,1221,1203,1.014963,2399,3682,1202.5900000000088
NF,falkenauer_u120,4000,6,1428,1201,1.189009,17,8,1200.8400000000101
FF,falkenauer_u120,4000,6,1240,1201,1.032473,1080,1086,1200.8400000000101
BF,falkenauer_u120,4000,6,1239,1201,1.031640,1858,2815,1200.8400000000101
FFD,falkenauer_u120,4000,6,1219,1201,1.014988,1325,1324,1200.8400000000101
BFD,falkenauer_u120,4000,6,1219,1201,1.014988,2398,3629,1200.8400000000101
NF,falkenauer_u120,4000,7,1427,1187,1.202190,17,9,1186.9200000000124
FF,falkenauer_u120,4000,7,1226,1187,1.032856,1105,1070,1186.9200000000124
BF,falkenauer_u120,4000,7,1226,1187,1.032856,1839,2888,1186.9200000000124
FFD,falkenauer_u120,4000,7,1205,1187,1.015164,1316,1260,1186.9200000000124
BFD,falkenauer_u120,4000,7,1205,1187,1.015164,2391,3668,1186.9200000000124
NF,falkenauer_u120,4000,8,1427,1192,1.197148,18,9,1191.5200000000075
FF,falkenauer_u120,4000,8,1229,1192,1.031040,1093,1103,1191.5200000000075
BF,falkenauer_u120,4000,8,1228,1192,1.030201,1857,2821,1191.5200000000075
FFD,falkenauer_u120,4000,8,1209,1192,1.014262,1300,1260,1191.5200000000075
BFD,falkenauer_u120,4000,8,1209,1192,1.014262,2406,3625,1191.5200000000075
NF,falkenauer_u120,4000,9,1458,1218,1.197044,18,9,1217.7000000000105
FF,falkenauer_u120,4000,9,1257,1218,1.032020,1144,1103,1217.7000000000105
BF,falkenauer_u120,4000,9,1257,1218,1.032020,1949,2918,1217.7000000000105
FFD,falkenauer_u120,4000,9,1237,1218,1.015599,1287,1357,1217.7000000000105
BFD,falkenauer_u120,4000,9,1237,1218,1.015599,2439,3725,1217.7000000000105
NF,falkenauer_u120,8000,0,2898,2420,1.197521,35,18,2419.280000000013
FF,falkenauer_u120,8000,0,2498,2420,1.032231,4352,4357,2419.280000000013
BF,falkenauer_u120,8000,0,2494,2420,1.030579,7412,11417,2419.280000000013
FFD,falkenauer_u120,8000,0,2456,2420,1.014876,4951,4964,2419.280000000013
BFD,falkenauer_u120,8000,0,2456,2420,1.014876,9551,14609,2419.280000000013
NF,falkenauer_u120,8000,1,2857,2393,1.193899,35,18,2392.7500000000055
FF,falkenauer_u120,8000,1,2469,2393,1.031759,4321,4249,2392.7500000000055
BF,falkenauer_u120,8000,1,2469,2393,1.031759,7347,11237,2392.7500000000055
FFD,falkenauer_u120,8000,1,2428,2393,1.014626,4971,5024,2392.7500000000055
BFD,falkenauer_u120,8000,1,2428,2393,1.014626,9488,14414,2392.7500000000055
NF,falkenauer_u120,8000,2,2887,2410,1.197925,34,17,2409.0800000000177
FF,falkenauer_u120,8000,2,2486,2410,1.031535,4243,4496,2409.0800000000177
BF,falkenauer_u120,8000,2,2481,2410,1.029461,7347,11328,2409.0800000000177
FFD,falkenauer_u120,8000,2,2444,2410,1.014108,4985,4990,2409.0800000000177
BFD,falkenauer_u120,8000,2,2444,2410,1.014108,9559,14604,2409.0800000000177
NF,falkenauer_u120,8000,3,2863,2389,1.198409,35,18,2388.480000000032
FF,falkenauer_u120,8000,3,2467,2389,1.032650,4208,4252,2388.480000000032
BF,falkenauer_u120,8000,3,2462,2389,1.030557,7304,11269,2388.480000000032
FFD,falkenauer_u120,8000,3,2422,2389,1.013813,4980,4998,2388.480000000032
BFD,falkenauer_u120,8000,3,2422,2389,1.013813,9482,14395,2388.480000000032
NF,falkenauer_u120,8000,4,2867,2396,1.196578,35,19,2395.4000000000156
FF,falkenauer_u120,8000,4,2470,2396,1.030885,4209,4339,2395.4000000000156
BF,falkenauer_u120,8000,4,2469,2396,1.030467,7349,11311,2395.4000000000156
FFD,falkenauer_u120,8000,4,2429,2396,1.013773,4950,4925,2395.4000000000156
BFD,falkenauer_u120,8000,4,2429,2396,1.013773,9464,14388,2395.4000000000156
NF,falkenauer_u120,8000,5,2869,2390,1.200418,34,18,2389.2300000000237
FF,falkenauer_u120,8000,5,2471,2390,1.033891,4257,4243,2389.2300000000237
BF,falkenauer_u120,8000,5,2465,2390,1.031381,7304,11289,2389.2300000000237
FFD,falkenauer_u120,8000,5,2425,2390,1.014644,4977,4996,2389.2300000000237
BFD,falkenauer_u120,8000,5,2425,2390,1.014644,9443,14441,2389.2300000000237
NF,falkenauer_u120,8000,6,2862,2392,1.196488,34,17,2391.450000000019
FF,falkenauer_u120,8000,6,2464,2392,1.030100,4245,4233,2391.450000000019
BF,falkenauer_u120,8000,6,2465,2392,1.030518,7297,11277,2391.450000000019
FFD,falkenauer_u120,8000,6,2425,2392,1.013796,4960,5164,2391.450000000019
BFD,falkenauer_u120,8000,6,2425,2392,1.013796,9459,14409,2391.450000000019
NF,falkenauer_u120,8000,7,2861,2389,1.197572,34,18,2388.100000000017
FF,falkenauer_u120,8000,7,2462,2389,1.030557,4236,4374,2388.100000000017
BF,falkenauer_u120,8000,7,2458,2389,1.028882,7385,11244,2388.100000000017
FFD,falkenauer_u120,8000,7,2423,2389,1.014232,5073,5119,2388.100000000017
BFD,falkenauer_u120,8000,7,2423,2389,1.014232,9508,14450,2388.100000000017
NF,falkenauer_u120,8000,8,2884,2409,1.197177,33,17,2408.4100000000212
FF,falkenauer_u120,8000,8,2482,2409,1.030303,4255,4504,2408.4100000000212
BF,falkenauer_u120,8000,8,2480,2409,1.029473,7336,11263,2408.4100000000212
FFD,falkenauer_u120,8000,8,2444,2409,1.014529,4965,4979,2408.4100000000212
BFD,falkenauer_u120,8000,8,2444,2409,1.014529,9476,14516,2408.4100000000212
NF,falkenauer_u120,8000,9,2857,2386,1.197402,34,18,2385.6600000000194
FF,falkenauer_u120,8000,9,2463,2386,1.032272,4236,4340,2385.6600000000194
BF,falkenauer_u120,8000,9,2461,2386,1.031433,7306,11218,2385.6600000000194
FFD,falkenauer_u120,8000,9,2421,2386,1.014669,4918,5008,2385.6600000000194
BFD,falkenauer_u120,8000,9,2421,2386,1.014669,9430,14373,2385.6600000000194
NF,falkenauer_u120,16000,0,5750,4802,1.197418,103,36,4801.6999999998625
FF,falkenauer_u120,16000,0,4955,4802,1.031862,16687,16788,4801.6999999998625
BF,falkenauer_u120,16000,0,4947,4802,1.030196,29406,44847,4801.6999999998625
FFD,falkenauer_u120,16000,0,4872,4802,1.014577,19462,19698,4801.6999999998625
BFD,falkenauer_u120,16000,0,4872,4802,1.014577,37559,57480,4801.6999999998625
NF,falkenauer_u120,16000,1,5757,4813,1.196135,94,36,4812.1099999998805
FF,falkenauer_u120,16000,1,4963,4813,1.031166,16703,16767,4812.1099999998805
BF,falkenauer_u120,16000,1,4961,4813,1.030750,29265,45039,4812.1099999998805
FFD,falkenauer_u120,16000,1,4881,4813,1.014128,19410,19469,4812.1099999998805
BFD,falkenauer_u120,16000,1,4881,4813,1.014128,37545,57612,4812.1099999998805
NF,falkenauer_u120,16000,2,5716,4781,1.195566,92,36,4780.809999999895
FF,falkenauer_u120,16000,2,4933,4781,1.031793,16668,16766,4780.809999999895
BF,falkenauer_u120,16000,2,4931,4781,1.031374,29027,44970,4780.809999999895
FFD,falkenauer_u120,16000,2,4850,4781,1.014432,19341,19407,4780.809999999895
BFD,falkenauer_u120,16000,2,4850,4781,1.014432,37505,57427,4780.809999999895
NF,falkenauer_u120,16000,3,5751,4802,1.197626,90,36,4801.139999999885
FF,falkenauer_u120,16000,3,4952,4802,1.031237,16745,16904,4801.139999999885
BF,falkenauer_u120,16000,3,4946,4802,1.029988,29215,45162,4801.139999999885
FFD,falkenauer_u120,16000,3,4870,4802,1.014161,19447,19526,4801.139999999885
BFD,falkenauer_u120,16000,3,4870,4802,1.014161,37432,57503,4801.139999999885
NF,falkenauer_u120,16000,4,5711,4782,1.194270,90,35,4781.999999999847
FF,falkenauer_u120,16000,4,4933,4782,1.031577,16668,17302,4781.999999999847
BF,falkenauer_u120,16000,4,4933,4782,1.031577,29082,44997,4781.999999999847
FFD,falkenauer_u120,16000,4,4852,4782,1.014638,19437,19548,4781.999999999847
BFD,falkenauer_u120,16000,4,4852,4782,1.014638,37384,57302,4781.999999999847
NF,falkenauer_u120,16000,5,5777,4817,1.199294,91,35,4816.619999999899
FF,falkenauer_u120,16000,5,4968,4817,1.031347,16702,17218,4816.619999999899
BF,falkenauer_u120,16000,5,4963,4817,1.030309,29174,45061,4816.619999999899
FFD,falkenauer_u120,16000,5,4886,4817,1.014324,19439,19481,4816.619999999899
BFD,falkenauer_u120,16000,5,4886,4817,1.014324,37547,57600,4816.619999999899
NF,falkenauer_u120,16000,6,5733,4794,1.195870,92,35,4793.489999999897
FF,falkenauer_u120,16000,6,4945,4794,1.031498,16667,16770,4793.489999999897
BF,falkenauer_u120,16000,6,4939,4794,1.030246,29019,44840,4793.489999999897
FFD,falkenauer_u120,16000,6,4862,4794,1.014184,19377,19517,4793.489999999897
BFD,falkenauer_u120,16000,6,4862,4794,1.014184,37510,57568,4793.489999999897
NF,falkenauer_u120,16000,7,5780,4812,1.201164,94,35,4811.779999999877
FF,falkenauer_u120,16000,7,4963,4812,1.031380,16919,17148,4811.779999999877
BF,falkenauer_u120,16000,7,4959,4812,1.030549,29280,45058,4811.779999999877
FFD,falkenauer_u120,16000,7,4882,4812,1.014547,19444,19518,4811.779999999877
BFD,falkenauer_u120,16000,7,4882,4812,1.014547,37647,57518,4811.779999999877
NF,falkenauer_u120,16000,8,5780,4815,1.200415,93,36,4814.419999999904
FF,falkenauer_u120,16000,8,4966,4815,1.031360,16827,17216,4814.419999999904
BF,falkenauer_u120,16000,8,4965,4815,1.031153,29299,45441,4814.419999999904
FFD,falkenauer_u120,16000,8,4885,4815,1.014538,19467,19834,4814.419999999904
BFD,falkenauer_u120,16000,8,4885,4815,1.014538,37562,60111,4814.419999999904
NF,falkenauer_u120,16000,9,5785,4818,1.200706,122,47,4817.849999999859
FF,falkenauer_u120,16000,9,4971,4818,1.031756,17697,17692,4817.849999999859
BF,falkenauer_u120,16000,9,4967,4818,1.030926,30500,45844,4817.849999999859
FFD,falkenauer_u120,16000,9,4889,4818,1.014736,19613,19612,4817.849999999859
BFD,falkenauer_u120,16000,9,4889,4818,1.014736,37768,57708,4817.849999999859
