distribuicao,n,rep,optimal,bnb_ms
falkenauer_u120,10,0,4,0.0002
falkenauer_u120,10,1,4,0.0000
falkenauer_u120,10,2,4,0.0000
falkenauer_u120,10,3,3,0.0000
falkenauer_u120,10,4,3,0.0022
falkenauer_u120,10,5,3,0.0001
falkenauer_u120,10,6,3,0.0000
falkenauer_u120,10,7,4,0.0000
falkenauer_u120,10,8,4,0.0000
falkenauer_u120,10,9,4,0.0000
falkenauer_u120,12,0,4,0.0000
falkenauer_u120,12,1,5,0.0000
falkenauer_u120,12,2,4,0.0000
falkenauer_u120,12,3,4,0.0000
falkenauer_u120,12,4,4,0.0009
falkenauer_u120,12,5,3,0.0010
falkenauer_u120,12,6,4,0.0000
falkenauer_u120,12,7,4,0.0000
falkenauer_u120,12,8,4,0.0000
falkenauer_u120,12,9,5,0.0000
falkenauer_u120,14,0,5,0.0000
falkenauer_u120,14,1,5,0.0000
falkenauer_u120,14,2,5,0.0000
falkenauer_u120,14,3,5,0.0404
falkenauer_u120,14,4,4,0.0000
falkenauer_u120,14,5,4,0.0000
falkenauer_u120,14,6,4,0.0006
falkenauer_u120,14,7,5,0.0000
falkenauer_u120,14,8,5,0.0000
falkenauer_u120,14,9,5,0.0000
falkenauer_u120,16,0,6,0.0000
falkenauer_u120,16,1,5,0.0000
falkenauer_u120,16,2,6,0.1734
falkenauer_u120,16,3,6,0.0000
falkenauer_u120,16,4,6,0.0000
falkenauer_u120,16,5,6,0.0000
falkenauer_u120,16,6,5,0.0000
falkenauer_u120,16,7,5,0.0366
falkenauer_u120,16,8,6,0.0000
falkenauer_u120,16,9,5,0.0000
falkenauer_u120,18,0,6,0.0000
falkenauer_u120,18,1,7,0.0000
falkenauer_u120,18,2,7,0.0000
falkenauer_u120,18,3,6,0.0000
falkenauer_u120,18,4,5,0.0000
falkenauer_u120,18,5,5,0.0000
falkenauer_u120,18,6,6,0.0018
falkenauer_u120,18,7,6,0.0001
falkenauer_u120,18,8,6,0.0000
falkenauer_u120,18,9,5,0.0000
falkenauer_u120,20,0,6,0.0000
falkenauer_u120,20,1,6,0.0000
falkenauer_u120,20,2,6,0.0450
falkenauer_u120,20,3,6,0.0000
falkenauer_u120,20,4,5,0.0000
falkenauer_u120,20,5,7,0.0000
falkenauer_u120,20,6,6,1.5108
falkenauer_u120,20,7,7,0.0000
falkenauer_u120,20,8,7,0.0000
falkenauer_u120,20,9,8,0.0000
tres_particao,10,0,5,0.0000
tres_particao,10,1,5,0.0000
tres_particao,10,2,5,0.0059
tres_particao,10,3,4,0.0000
tres_particao,10,4,5,0.0036
tres_particao,10,5,4,0.0000
tres_particao,10,6,5,0.0030
tres_particao,10,7,5,0.0032
tres_particao,10,8,5,0.0000
tres_particao,10,9,4,0.0000
tres_particao,12,0,5,0.0000
tres_particao,12,1,6,0.0000
tres_particao,12,2,6,0.0368
tres_particao,12,3,5,0.0000
tres_particao,12,4,5,0.0004
tres_particao,12,5,5,0.0000
tres_particao,12,6,5,0.0000
tres_particao,12,7,6,0.0348
tres_particao,12,8,5,0.0004
tres_particao,12,9,6,0.0464
tres_particao,14,0,6,0.0000
tres_particao,14,1,6,0.0000
tres_particao,14,2,6,0.0007
tres_particao,14,3,6,0.0000
tres_particao,14,4,5,0.0298
tres_particao,14,5,6,0.0425
tres_particao,14,6,6,0.0000
tres_particao,14,7,7,0.5109
tres_particao,14,8,7,0.5497
tres_particao,14,9,6,0.0001
tres_particao,16,0,8,6.2271
tres_particao,16,1,7,0.0001
tres_particao,16,2,7,0.0010
tres_particao,16,3,7,0.0009
tres_particao,16,4,7,0.0000
tres_particao,16,5,7,0.0000
tres_particao,16,6,7,0.0000
tres_particao,16,7,7,0.7661
tres_particao,16,8,8,7.5232
tres_particao,16,9,6,0.0373
tres_particao,18,0,8,0.0001
tres_particao,18,1,9,93.0810
tres_particao,18,2,8,6.4079
tres_particao,18,3,8,0.0001
tres_particao,18,4,7,0.0335
tres_particao,18,5,7,0.0000
tres_particao,18,6,9,96.9121
tres_particao,18,7,9,94.4364
tres_particao,18,8,8,14.3044
tres_particao,18,9,8,0.0011
tres_particao,20,0,7,52.2547
tres_particao,20,1,8,0.0226
tres_particao,20,2,8,0.0000
tres_particao,20,3,8,0.0000
tres_particao,20,4,7,17.8039
tres_particao,20,5,8,0.0364
tres_particao,20,6,8,0.0316
tres_particao,20,7,9,0.0000
tres_particao,20,8,9,127.4325
tres_particao,20,9,8,0.0212
uniforme_continua,10,0,8,0.0004
uniforme_continua,10,1,5,0.0000
uniforme_continua,10,2,5,0.0000
uniforme_continua,10,3,6,0.0000
uniforme_continua,10,4,8,0.0002
uniforme_continua,10,5,4,0.0000
uniforme_continua,10,6,6,0.0000
uniforme_continua,10,7,6,0.0001
uniforme_continua,10,8,6,0.0000
uniforme_continua,10,9,5,0.0000
uniforme_continua,12,0,5,0.0000
uniforme_continua,12,1,9,0.0002
uniforme_continua,12,2,8,0.0001
uniforme_continua,12,3,7,0.0000
uniforme_continua,12,4,7,0.0000
uniforme_continua,12,5,6,0.0004
uniforme_continua,12,6,7,0.0000
uniforme_continua,12,7,10,0.0003
uniforme_continua,12,8,7,0.0000
uniforme_continua,12,9,9,0.0001
uniforme_continua,14,0,7,0.0000
uniforme_continua,14,1,8,0.0000
uniforme_continua,14,2,10,0.0002
uniforme_continua,14,3,8,0.0005
uniforme_continua,14,4,5,0.0000
uniforme_continua,14,5,7,0.0000
uniforme_continua,14,6,9,0.0003
uniforme_continua,14,7,8,0.0000
uniforme_continua,14,8,8,0.0000
uniforme_continua,14,9,8,0.0002
uniforme_continua,16,0,11,0.0011
uniforme_continua,16,1,8,0.0000
uniforme_continua,16,2,11,0.0003
uniforme_continua,16,3,9,0.0000
uniforme_continua,16,4,10,0.0002
uniforme_continua,16,5,11,0.0003
uniforme_continua,16,6,8,0.0000
uniforme_continua,16,7,8,0.0000
uniforme_continua,16,8,10,0.0000
uniforme_continua,16,9,7,0.0000
uniforme_continua,18,0,9,0.0000
uniforme_continua,18,1,12,0.0003
uniforme_continua,18,2,12,0.0003
uniforme_continua,18,3,10,0.0111
uniforme_continua,18,4,9,0.0000
uniforme_continua,18,5,12,0.0003
uniforme_continua,18,6,11,0.0010
uniforme_continua,18,7,12,0.0002
uniforme_continua,18,8,11,0.0002
uniforme_continua,18,9,11,0.0000
uniforme_continua,20,0,10,0.0000
uniforme_continua,20,1,12,0.0002
uniforme_continua,20,2,9,0.0014
uniforme_continua,20,3,12,0.0091
uniforme_continua,20,4,10,0.0016
uniforme_continua,20,5,12,0.0004
uniforme_continua,20,6,11,0.0000
uniforme_continua,20,7,11,0.0056
uniforme_continua,20,8,11,0.0004
uniforme_continua,20,9,15,0.0004
uniforme_discreta_100,10,0,8,0.0002
uniforme_discreta_100,10,1,8,0.0001
uniforme_discreta_100,10,2,6,0.0001
uniforme_discreta_100,10,3,5,0.0000
uniforme_discreta_100,10,4,6,0.0000
uniforme_discreta_100,10,5,5,0.0000
uniforme_discreta_100,10,6,5,0.0000
uniforme_discreta_100,10,7,6,0.0001
uniforme_discreta_100,10,8,7,0.0000
uniforme_discreta_100,10,9,6,0.0000
uniforme_discreta_100,12,0,5,0.0000
uniforme_discreta_100,12,1,10,0.0002
uniforme_discreta_100,12,2,8,0.0001
uniforme_discreta_100,12,3,7,0.0002
uniforme_discreta_100,12,4,9,0.0001
uniforme_discreta_100,12,5,8,0.0000
uniforme_discreta_100,12,6,8,0.0001
uniforme_discreta_100,12,7,7,0.0001
uniforme_discreta_100,12,8,7,0.0000
uniforme_discreta_100,12,9,10,0.0002
uniforme_discreta_100,14,0,7,0.0000
uniforme_discreta_100,14,1,9,0.0000
uniforme_discreta_100,14,2,8,0.0000
uniforme_discreta_100,14,3,7,0.0000
uniforme_discreta_100,14,4,6,0.0000
uniforme_discreta_100,14,5,7,0.0000
uniforme_discreta_100,14,6,9,0.0001
uniforme_discreta_100,14,7,9,0.0002
uniforme_discreta_100,14,8,10,0.0003
uniforme_discreta_100,14,9,7,0.0000
uniforme_discreta_100,16,0,12,0.0002
uniforme_discreta_100,16,1,11,0.0001
uniforme_discreta_100,16,2,9,0.0001
uniforme_discreta_100,16,3,12,0.0002
uniforme_discreta_100,16,4,11,0.0001
uniforme_discreta_100,16,5,12,0.0003
uniforme_discreta_100,16,6,12,0.0002
uniforme_discreta_100,16,7,8,0.0000
uniforme_discreta_100,16,8,12,0.0002
uniforme_discreta_100,16,9,7,0.0000
uniforme_discreta_100,18,0,12,0.0002
uniforme_discreta_100,18,1,15,0.0004
uniforme_discreta_100,18,2,11,0.0017
uniforme_discreta_100,18,3,13,0.0003
uniforme_discreta_100,18,4,8,0.0001
uniforme_discreta_100,18,5,8,0.0000
uniforme_discreta_100,18,6,12,0.0002
uniforme_discreta_100,18,7,12,0.0002
uniforme_discreta_100,18,8,10,0.0000
uniforme_discreta_100,18,9,8,0.0000
uniforme_discreta_100,20,0,7,0.0000
uniforme_discreta_100,20,1,13,0.0002
uniforme_discreta_100,20,2,9,0.0000
uniforme_discreta_100,20,3,9,0.0000
uniforme_discreta_100,20,4,9,0.0000
uniforme_discreta_100,20,5,11,0.0000
uniforme_discreta_100,20,6,10,0.0001
uniforme_discreta_100,20,7,12,0.0000
uniforme_discreta_100,20,8,11,0.0004
uniforme_discreta_100,20,9,15,0.0003
