distribuicao,n,rep,optimal,rust_ms,c_ms,cpp_ms,py_ms
falkenauer_u120,10,0,4,0.0003,0.0002,0.0021,0.0032
falkenauer_u120,10,1,4,0.0000,0.0000,0.0001,0.0017
falkenauer_u120,10,2,4,0.0000,0.0000,0.0000,0.0010
falkenauer_u120,10,3,3,0.0000,0.0000,0.0000,0.0004
falkenauer_u120,10,4,3,0.0047,0.0021,0.0034,0.0599
falkenauer_u120,10,5,3,0.0001,0.0001,0.0000,0.0006
falkenauer_u120,10,6,3,0.0001,0.0000,0.0000,0.0004
falkenauer_u120,10,7,4,0.0000,0.0000,0.0000,0.0007
falkenauer_u120,10,8,4,0.0000,0.0000,0.0000,0.0003
falkenauer_u120,10,9,4,0.0000,0.0000,0.0000,0.0003
falkenauer_u120,12,0,4,0.0000,0.0000,0.0001,0.0003
falkenauer_u120,12,1,5,0.0000,0.0000,0.0000,0.0005
falkenauer_u120,12,2,4,0.0000,0.0000,0.0000,0.0005
falkenauer_u120,12,3,4,0.0000,0.0000,0.0000,0.0004
falkenauer_u120,12,4,4,0.0011,0.0008,0.0011,0.0176
falkenauer_u120,12,5,3,0.0013,0.0009,0.0011,0.0212
falkenauer_u120,12,6,4,0.0001,0.0000,0.0000,0.0003
falkenauer_u120,12,7,4,0.0000,0.0000,0.0000,0.0004
falkenauer_u120,12,8,4,0.0000,0.0000,0.0000,0.0003
falkenauer_u120,12,9,5,0.0000,0.0000,0.0000,0.0003
falkenauer_u120,14,0,5,0.0000,0.0000,0.0000,0.0003
falkenauer_u120,14,1,5,0.0000,0.0000,0.0000,0.0003
falkenauer_u120,14,2,5,0.0000,0.0000,0.0000,0.0003
falkenauer_u120,14,3,5,0.0455,0.0459,0.0475,1.2649
falkenauer_u120,14,4,4,0.0000,0.0000,0.0000,0.0006
falkenauer_u120,14,5,4,0.0000,0.0000,0.0000,0.0016
falkenauer_u120,14,6,4,0.0009,0.0007,0.0008,0.0216
falkenauer_u120,14,7,5,0.0000,0.0000,0.0000,0.0006
falkenauer_u120,14,8,5,0.0000,0.0000,0.0000,0.0003
falkenauer_u120,14,9,5,0.0000,0.0000,0.0000,0.0004
falkenauer_u120,16,0,6,0.0000,0.0000,0.0000,0.0004
falkenauer_u120,16,1,5,0.0000,0.0000,0.0000,0.0004
falkenauer_u120,16,2,6,0.1263,0.1184,0.1351,5.1654
falkenauer_u120,16,3,6,0.0000,0.0001,0.0000,0.0005
falkenauer_u120,16,4,6,0.0000,0.0000,0.0000,0.0003
falkenauer_u120,16,5,6,0.0000,0.0000,0.0000,0.0003
falkenauer_u120,16,6,5,0.0000,0.0000,0.0000,0.0003
falkenauer_u120,16,7,5,0.0287,0.0235,0.0320,0.9956
falkenauer_u120,16,8,6,0.0000,0.0000,0.0000,0.0005
falkenauer_u120,16,9,5,0.0000,0.0000,0.0000,0.0004
falkenauer_u120,18,0,6,0.0000,0.0000,0.0000,0.0003
falkenauer_u120,18,1,7,0.0000,0.0000,0.0000,0.0003
falkenauer_u120,18,2,7,0.0000,0.0000,0.0000,0.0005
falkenauer_u120,18,3,6,0.0000,0.0000,0.0000,0.0005
falkenauer_u120,18,4,5,0.0000,0.0000,0.0000,0.0005
falkenauer_u120,18,5,5,0.0000,0.0000,0.0000,0.0017
falkenauer_u120,18,6,6,0.0014,0.0015,0.0011,0.0294
falkenauer_u120,18,7,6,0.0000,0.0000,0.0000,0.0004
falkenauer_u120,18,8,6,0.0000,0.0000,0.0000,0.0004
falkenauer_u120,18,9,5,0.0000,0.0000,0.0000,0.0004
falkenauer_u120,20,0,6,0.0000,0.0000,0.0000,0.0003
falkenauer_u120,20,1,6,0.0000,0.0000,0.0000,0.0003
falkenauer_u120,20,2,6,0.0367,0.0294,0.0318,1.4442
falkenauer_u120,20,3,6,0.0000,0.0000,0.0000,0.0004
falkenauer_u120,20,4,5,0.0000,0.0000,0.0000,0.0004
falkenauer_u120,20,5,7,0.0000,0.0000,0.0000,0.0003
falkenauer_u120,20,6,6,1.6234,1.1173,1.7504,70.3205
falkenauer_u120,20,7,7,0.0000,0.0000,0.0002,0.0014
falkenauer_u120,20,8,7,0.0000,0.0000,0.0000,0.0006
falkenauer_u120,20,9,8,0.0000,0.0000,0.0000,0.0005
tres_particao,10,0,5,0.0000,0.0000,0.0000,0.0006
tres_particao,10,1,5,0.0000,0.0000,0.0000,0.0005
tres_particao,10,2,5,0.0071,0.0051,0.0091,0.2850
tres_particao,10,3,4,0.0000,0.0000,0.0001,0.0009
tres_particao,10,4,5,0.0046,0.0030,0.0065,0.2433
tres_particao,10,5,4,0.0001,0.0000,0.0001,0.0006
tres_particao,10,6,5,0.0037,0.0020,0.0051,0.1898
tres_particao,10,7,5,0.0033,0.0021,0.0045,0.1997
tres_particao,10,8,5,0.0000,0.0000,0.0000,0.0005
tres_particao,10,9,4,0.0000,0.0000,0.0000,0.0003
tres_particao,12,0,5,0.0000,0.0000,0.0000,0.0003
tres_particao,12,1,6,0.0000,0.0000,0.0000,0.0004
tres_particao,12,2,6,0.0376,0.0253,0.0470,1.7586
tres_particao,12,3,5,0.0000,0.0000,0.0000,0.0004
tres_particao,12,4,5,0.0004,0.0003,0.0005,0.0105
tres_particao,12,5,5,0.0000,0.0000,0.0000,0.0003
tres_particao,12,6,5,0.0000,0.0000,0.0000,0.0005
tres_particao,12,7,6,0.0387,0.0192,0.0411,1.4713
tres_particao,12,8,5,0.0004,0.0002,0.0005,0.0099
tres_particao,12,9,6,0.0455,0.0242,0.0501,2.1987
tres_particao,14,0,6,0.0000,0.0000,0.0000,0.0008
tres_particao,14,1,6,0.0000,0.0000,0.0000,0.0006
tres_particao,14,2,6,0.0005,0.0005,0.0007,0.0185
tres_particao,14,3,6,0.0000,0.0000,0.0000,0.0005
tres_particao,14,4,5,0.0232,0.0186,0.0288,0.9862
tres_particao,14,5,6,0.0362,0.0328,0.0477,1.7352
tres_particao,14,6,6,0.0000,0.0000,0.0000,0.0005
tres_particao,14,7,7,0.3669,0.2522,0.4707,18.1861
tres_particao,14,8,7,0.4109,0.2821,0.4936,18.5536
tres_particao,14,9,6,0.0000,0.0000,0.0000,0.0011
tres_particao,16,0,8,6.5201,3.9821,5.9453,265.6561
tres_particao,16,1,7,0.0001,0.0001,0.0002,0.0021
tres_particao,16,2,7,0.0008,0.0011,0.0016,0.0149
tres_particao,16,3,7,0.0008,0.0006,0.0006,0.0139
tres_particao,16,4,7,0.0000,0.0001,0.0000,0.0004
tres_particao,16,5,7,0.0000,0.0001,0.0000,0.0004
tres_particao,16,6,7,0.0000,0.0000,0.0000,0.0003
tres_particao,16,7,7,0.6739,0.4390,0.6074,24.5241
tres_particao,16,8,8,6.0801,5.2222,5.9327,303.9209
tres_particao,16,9,6,0.0315,0.0363,0.0260,1.0901
tres_particao,18,0,8,0.0000,0.0000,0.0000,0.0008
tres_particao,18,1,9,87.2055,72.6963,79.7805,4586.2514
tres_particao,18,2,8,5.8898,4.2322,5.1315,270.8299
tres_particao,18,3,8,0.0001,0.0002,0.0002,0.0018
tres_particao,18,4,7,0.0436,0.0381,0.0251,1.0274
tres_particao,18,5,7,0.0000,0.0001,0.0000,0.0006
tres_particao,18,6,9,91.7254,74.1604,83.4108,4356.3991
tres_particao,18,7,9,91.2702,72.4155,80.3404,4862.3585
tres_particao,18,8,8,13.9617,8.9623,11.7709,779.3685
tres_particao,18,9,8,0.0014,0.0008,0.0016,0.0180
tres_particao,20,0,7,57.8932,28.8882,40.7517,1562.5914
tres_particao,20,1,8,0.0199,0.0137,0.0192,0.5494
tres_particao,20,2,8,0.0001,0.0000,0.0000,0.0006
tres_particao,20,3,8,0.0000,0.0000,0.0000,0.0003
tres_particao,20,4,7,21.9661,9.9682,14.9866,549.4406
tres_particao,20,5,8,0.0419,0.0206,0.0260,0.8942
tres_particao,20,6,8,0.0363,0.0175,0.0240,0.8102
tres_particao,20,7,9,0.0001,0.0000,0.0001,0.0004
tres_particao,20,8,9,128.7707,95.6281,108.8245,5077.8386
tres_particao,20,9,8,0.0227,0.0183,0.0147,0.5194
uniforme_continua,10,0,8,0.0004,0.0003,0.0002,0.0039
uniforme_continua,10,1,5,0.0000,0.0001,0.0000,0.0004
uniforme_continua,10,2,5,0.0000,0.0000,0.0000,0.0003
uniforme_continua,10,3,6,0.0000,0.0000,0.0000,0.0003
uniforme_continua,10,4,8,0.0003,0.0002,0.0002,0.0042
uniforme_continua,10,5,4,0.0000,0.0001,0.0000,0.0003
uniforme_continua,10,6,6,0.0000,0.0001,0.0000,0.0003
uniforme_continua,10,7,6,0.0002,0.0001,0.0001,0.0025
uniforme_continua,10,8,6,0.0000,0.0000,0.0000,0.0003
uniforme_continua,10,9,5,0.0000,0.0000,0.0000,0.0002
uniforme_continua,12,0,5,0.0000,0.0000,0.0000,0.0002
uniforme_continua,12,1,9,0.0002,0.0002,0.0002,0.0042
uniforme_continua,12,2,8,0.0001,0.0001,0.0001,0.0048
uniforme_continua,12,3,7,0.0000,0.0000,0.0000,0.0003
uniforme_continua,12,4,7,0.0000,0.0000,0.0000,0.0003
uniforme_continua,12,5,6,0.0005,0.0004,0.0003,0.0063
uniforme_continua,12,6,7,0.0000,0.0001,0.0000,0.0003
uniforme_continua,12,7,10,0.0003,0.0002,0.0002,0.0049
uniforme_continua,12,8,7,0.0000,0.0000,0.0000,0.0002
uniforme_continua,12,9,9,0.0002,0.0001,0.0002,0.0038
uniforme_continua,14,0,7,0.0000,0.0000,0.0000,0.0002
uniforme_continua,14,1,8,0.0000,0.0000,0.0000,0.0003
uniforme_continua,14,2,10,0.0002,0.0001,0.0002,0.0046
uniforme_continua,14,3,8,0.0006,0.0004,0.0005,0.0075
uniforme_continua,14,4,5,0.0000,0.0000,0.0000,0.0003
uniforme_continua,14,5,7,0.0000,0.0000,0.0000,0.0004
uniforme_continua,14,6,9,0.0002,0.0002,0.0002,0.0046
uniforme_continua,14,7,8,0.0000,0.0000,0.0000,0.0002
uniforme_continua,14,8,8,0.0000,0.0000,0.0000,0.0005
uniforme_continua,14,9,8,0.0002,0.0001,0.0002,0.0040
uniforme_continua,16,0,11,0.0014,0.0011,0.0012,0.0213
uniforme_continua,16,1,8,0.0001,0.0000,0.0000,0.0004
uniforme_continua,16,2,11,0.0004,0.0003,0.0004,0.0095
uniforme_continua,16,3,9,0.0000,0.0000,0.0000,0.0004
uniforme_continua,16,4,10,0.0002,0.0002,0.0002,0.0048
uniforme_continua,16,5,11,0.0002,0.0001,0.0002,0.0054
uniforme_continua,16,6,8,0.0000,0.0000,0.0000,0.0003
uniforme_continua,16,7,8,0.0000,0.0000,0.0000,0.0003
uniforme_continua,16,8,10,0.0000,0.0000,0.0000,0.0003
uniforme_continua,16,9,7,0.0000,0.0000,0.0000,0.0002
uniforme_continua,18,0,9,0.0000,0.0000,0.0000,0.0003
uniforme_continua,18,1,12,0.0003,0.0002,0.0003,0.0060
uniforme_continua,18,2,12,0.0003,0.0002,0.0003,0.0064
uniforme_continua,18,3,10,0.0107,0.0087,0.0099,0.2638
uniforme_continua,18,4,9,0.0000,0.0000,0.0000,0.0003
uniforme_continua,18,5,12,0.0002,0.0002,0.0002,0.0057
uniforme_continua,18,6,11,0.0011,0.0010,0.0012,0.0207
uniforme_continua,18,7,12,0.0003,0.0002,0.0003,0.0056
uniforme_continua,18,8,11,0.0002,0.0001,0.0001,0.0049
uniforme_continua,18,9,11,0.0000,0.0000,0.0000,0.0003
uniforme_continua,20,0,10,0.0000,0.0000,0.0000,0.0003
uniforme_continua,20,1,12,0.0002,0.0001,0.0002,0.0060
uniforme_continua,20,2,9,0.0014,0.0013,0.0014,0.0240
uniforme_continua,20,3,12,0.0071,0.0074,0.0075,0.2256
uniforme_continua,20,4,10,0.0012,0.0012,0.0013,0.0301
uniforme_continua,20,5,12,0.0004,0.0005,0.0006,0.0164
uniforme_continua,20,6,11,0.0000,0.0000,0.0000,0.0003
uniforme_continua,20,7,11,0.0058,0.0060,0.0064,0.1627
uniforme_continua,20,8,11,0.0004,0.0005,0.0005,0.0114
uniforme_continua,20,9,15,0.0004,0.0004,0.0004,0.0090
uniforme_discreta_100,10,0,8,0.0001,0.0001,0.0001,0.0036
uniforme_discreta_100,10,1,8,0.0001,0.0001,0.0001,0.0031
uniforme_discreta_100,10,2,6,0.0001,0.0001,0.0001,0.0022
uniforme_discreta_100,10,3,5,0.0000,0.0000,0.0000,0.0003
uniforme_discreta_100,10,4,6,0.0000,0.0000,0.0000,0.0003
uniforme_discreta_100,10,5,5,0.0000,0.0000,0.0000,0.0002
uniforme_discreta_100,10,6,5,0.0000,0.0000,0.0000,0.0003
uniforme_discreta_100,10,7,6,0.0001,0.0001,0.0001,0.0023
uniforme_discreta_100,10,8,7,0.0000,0.0000,0.0000,0.0003
uniforme_discreta_100,10,9,6,0.0000,0.0000,0.0000,0.0002
uniforme_discreta_100,12,0,5,0.0000,0.0000,0.0000,0.0002
uniforme_discreta_100,12,1,10,0.0002,0.0002,0.0002,0.0052
uniforme_discreta_100,12,2,8,0.0001,0.0001,0.0001,0.0033
uniforme_discreta_100,12,3,7,0.0002,0.0001,0.0002,0.0032
uniforme_discreta_100,12,4,9,0.0001,0.0001,0.0001,0.0040
uniforme_discreta_100,12,5,8,0.0000,0.0000,0.0000,0.0003
uniforme_discreta_100,12,6,8,0.0002,0.0001,0.0002,0.0040
uniforme_discreta_100,12,7,7,0.0001,0.0001,0.0001,0.0026
uniforme_discreta_100,12,8,7,0.0000,0.0000,0.0000,0.0003
uniforme_discreta_100,12,9,10,0.0002,0.0002,0.0001,0.0046
uniforme_discreta_100,14,0,7,0.0000,0.0000,0.0000,0.0003
uniforme_discreta_100,14,1,9,0.0000,0.0000,0.0000,0.0003
uniforme_discreta_100,14,2,8,0.0000,0.0000,0.0000,0.0004
uniforme_discreta_100,14,3,7,0.0000,0.0000,0.0000,0.0004
uniforme_discreta_100,14,4,6,0.0000,0.0000,0.0000,0.0015
uniforme_discreta_100,14,5,7,0.0000,0.0000,0.0000,0.0002
uniforme_discreta_100,14,6,9,0.0001,0.0002,0.0002,0.0069
uniforme_discreta_100,14,7,9,0.0003,0.0002,0.0003,0.0074
uniforme_discreta_100,14,8,10,0.0003,0.0003,0.0003,0.0068
uniforme_discreta_100,14,9,7,0.0000,0.0000,0.0000,0.0003
uniforme_discreta_100,16,0,12,0.0002,0.0002,0.0003,0.0061
uniforme_discreta_100,16,1,11,0.0002,0.0002,0.0003,0.0051
uniforme_discreta_100,16,2,9,0.0001,0.0001,0.0001,0.0040
uniforme_discreta_100,16,3,12,0.0002,0.0002,0.0003,0.0090
uniforme_discreta_100,16,4,11,0.0001,0.0001,0.0002,0.0051
uniforme_discreta_100,16,5,12,0.0002,0.0002,0.0003,0.0073
uniforme_discreta_100,16,6,12,0.0002,0.0001,0.0003,0.0065
uniforme_discreta_100,16,7,8,0.0000,0.0000,0.0000,0.0003
uniforme_discreta_100,16,8,12,0.0002,0.0001,0.0002,0.0055
uniforme_discreta_100,16,9,7,0.0000,0.0000,0.0000,0.0003
uniforme_discreta_100,18,0,12,0.0002,0.0001,0.0002,0.0063
uniforme_discreta_100,18,1,15,0.0003,0.0004,0.0004,0.0078
uniforme_discreta_100,18,2,11,0.0017,0.0018,0.0016,0.0554
uniforme_discreta_100,18,3,13,0.0004,0.0003,0.0003,0.0082
uniforme_discreta_100,18,4,8,0.0001,0.0001,0.0001,0.0051
uniforme_discreta_100,18,5,8,0.0000,0.0000,0.0000,0.0017
uniforme_discreta_100,18,6,12,0.0002,0.0002,0.0002,0.0089
uniforme_discreta_100,18,7,12,0.0002,0.0001,0.0002,0.0075
uniforme_discreta_100,18,8,10,0.0000,0.0000,0.0000,0.0004
uniforme_discreta_100,18,9,8,0.0000,0.0000,0.0000,0.0003
uniforme_discreta_100,20,0,7,0.0000,0.0000,0.0000,0.0003
uniforme_discreta_100,20,1,13,0.0003,0.0002,0.0002,0.0072
uniforme_discreta_100,20,2,9,0.0000,0.0000,0.0000,0.0003
uniforme_discreta_100,20,3,9,0.0000,0.0000,0.0000,0.0003
uniforme_discreta_100,20,4,9,0.0000,0.0000,0.0000,0.0003
uniforme_discreta_100,20,5,11,0.0000,0.0000,0.0000,0.0003
uniforme_discreta_100,20,6,10,0.0002,0.0001,0.0001,0.0050
uniforme_discreta_100,20,7,12,0.0000,0.0000,0.0000,0.0004
uniforme_discreta_100,20,8,11,0.0004,0.0004,0.0004,0.0184
uniforme_discreta_100,20,9,15,0.0004,0.0003,0.0003,0.0078
